time,id,activity,circumplex.arousal,circumplex.valence,screen,appCat.builtin,appCat.communication,appCat.main,appCat.tools,appCat.contact,mood
2014-03-20,AS14.01,0.08154761904761905,0.1,0.5666666666666667,2275.9440002441406,248.979,2168.229,1158.587,77.592,1.0,6.566666666666666
2014-03-23,AS14.01,0.14274111580506366,0.2,0.8,6773.832001447675,1286.246,5237.319,1038.588,133.29500000000002,1.6666666666666665,6.8
2014-03-26,AS14.01,0.10130832167007592,-0.2,0.6,16423.80100035667,1167.497,8988.753,5554.869000000001,130.863,2.333333333333333,6.6
2014-03-27,AS14.01,0.15951064096909748,0.2,0.8,17442.14999938011,1229.327,6936.512,1799.3899999999999,284.875,3.0,7.0
2014-03-29,AS14.01,0.06820281010186964,0.2,1.0,8322.6219997406,1952.63,2720.692,2100.317,822.6659999999999,5.0,8.0
2014-03-30,AS14.01,0.049092970521542,-0.5,0.75,4523.2140009403265,414.365,1298.505,1703.3619999999999,178.776,5.5,7.5
2014-03-31,AS14.01,0.07050548088338955,0.0,0.6,11836.834000349041,2961.4049999999997,5332.637,3202.0060000000003,691.53,6.0,7.4
2014-04-04,AS14.01,0.12668931120732582,0.2,0.4,12379.411000013357,1957.829,5481.628,3631.424,463.734,3.0,6.2
2014-04-07,AS14.01,0.050670621174317886,-0.6666666666666666,0.25,9846.380999803541,927.377,7355.015,1985.774,436.40600000000006,1.0,6.5
2014-04-09,AS14.01,0.12038411453232876,-0.8,1.0,13558.28900098801,1638.617,6177.076,3767.12,924.0129999999999,4.0,7.4
2014-04-10,AS14.01,0.07896310519489107,-0.4,0.8,9296.09899926186,715.355,4881.411,3057.864,485.606,7.0,7.4
2014-04-11,AS14.01,0.07998620207306052,-1.2,0.8,10526.846000194553,3369.031,3336.592,2667.0379999999996,300.334,7.5,7.0
2014-04-12,AS14.01,0.07224906147031816,-0.75,0.75,11750.809000968928,302.446,6595.083,2450.9139999999998,436.456,8.0,7.25
2014-04-13,AS14.01,0.014021328954370726,-1.25,1.0,2005.7509992122655,447.415,1096.795,366.307,94.209,8.5,8.0
2014-04-15,AS14.01,0.09011215278072526,0.0,0.8,13585.222998380666,1596.356,6224.231,5385.775,398.571,9.0,6.4
2014-04-16,AS14.01,0.11611033612712222,0.75,0.5,12522.47499895096,923.613,5175.016,2339.5860000000002,264.371,1.0,7.2
2014-04-17,AS14.01,0.05691785667209682,-0.4,0.6,15018.48000073434,552.201,11853.339,2249.387,103.481,2.0,6.6
2014-04-18,AS14.01,0.09403300669497609,-0.8,0.8,13490.728999614706,1860.8980000000001,5341.657,2887.4390000000003,200.34300000000002,1.0,6.8
2014-04-19,AS14.01,0.09943191172384026,-0.2,1.0,13293.2480006218,946.1899999999999,2728.26,990.659,466.168,1.0,7.8
2014-04-20,AS14.01,0.07481624304311596,-0.25,0.75,8343.518000364307,897.086,4984.724,2975.84,155.237,4.0,7.25
2014-04-21,AS14.01,0.10204105896824717,-0.25,1.0,3832.9909992218018,3442.2319999999995,2004.347,537.1179999999999,337.209,2.0,7.6
2014-04-22,AS14.01,0.09192955182229205,0.2,1.0,15490.269999265669,2212.954,11360.913,2562.018,486.375,2.0,7.4
2014-04-23,AS14.01,0.04598568913376553,0.2,1.0,14535.339999437334,1130.8419999999999,8928.472,892.076,289.342,1.0,7.6
2014-04-25,AS14.01,0.10906106363682745,-0.2,0.8,13973.941999673845,817.613,7279.144,2899.5969999999998,480.137,3.0,7.2
2014-05-03,AS14.01,0.07174088489517204,-0.2,1.0,8186.036000728605,753.2570000000001,4539.776,3263.865,339.907,1.0,8.0
2014-05-04,AS14.01,0.13619180837703837,-0.5,1.0,5889.194999456405,1758.438,3381.6890000000003,1423.0829999999999,35.525,1.0,8.0
2014-05-05,AS14.01,0.007842595452107337,-0.5,1.0,1788.7339999675771,438.347,826.7869999999999,343.618,264.331,1.0,8.0
2014-03-18,AS14.02,0.21948438425543756,0.6,0.8,4512.4710013866425,2604.5209999999997,3933.081,301.307,88.72200000000001,16.0,8.2
2014-03-19,AS14.02,0.31563175685064315,0.4,0.4,8182.757000207905,1554.558,2596.989,243.954,672.701,6.0,6.8
2014-03-20,AS14.02,0.23902496021034736,-0.5,0.75,4360.33400130272,1777.977,2154.371,279.778,86.857,11.0,7.25
2014-03-24,AS14.02,0.15612466250149995,0.2,-0.2,2766.6489994525905,1073.496,3012.181,764.8140000000001,81.80799999999999,5.0,6.4
2014-03-25,AS14.02,0.23051365485645373,-1.25,0.75,4637.388000011446,2806.931,2788.751,608.036,50.375,7.0,7.75
2014-03-30,AS14.02,0.24188730879396786,-1.0,0.75,3937.0419988632193,772.787,1110.856,1601.4950000000001,113.22800000000001,11.0,7.0
2014-04-01,AS14.02,0.26196053218905446,-0.2,0.8,3297.737997055054,2790.014,1322.61,268.097,531.613,3.0,7.4
2014-04-02,AS14.02,0.3191205617996335,-0.6,-0.2,6883.828001737594,1964.21,2942.423,1339.355,128.744,2.0,6.4
2014-04-03,AS14.02,0.32250583990998866,-0.25,0.0,6814.30000090599,1269.299,3595.431,671.2080000000001,374.426,2.0,5.75
2014-04-04,AS14.02,0.22727035660896047,-1.2,0.2,3653.370000839234,1121.689,2809.436,951.048,148.852,5.0,6.4
2014-04-08,AS14.02,0.26195103762156396,-0.25,0.5,4079.151999473574,1184.778,2265.855,829.733,134.434,11.0,6.25
2014-04-09,AS14.02,0.24720984804489024,-0.5,0.25,5757.426000595091,1427.022,2255.545,921.557,61.397,13.0,7.25
2014-04-10,AS14.02,0.2607506038432931,0.25,0.75,7844.238998651505,1303.452,2726.237,1262.131,668.372,2.0,7.25
2014-04-11,AS14.02,0.4244814273084369,-0.5,0.5,5810.030001163483,1548.192,2343.793,1020.3689999999999,767.057,8.0,6.5
2014-04-13,AS14.02,0.28982011828279997,-0.6,0.4,2174.8709976673135,510.913,855.219,494.591,238.75799999999998,1.0,7.2
2014-04-15,AS14.02,0.1736288831786874,-0.5,0.5,701.2870004177095,98.266,445.91700000000003,45.044000000000004,238.75799999999998,15.0,7.25
2014-04-16,AS14.02,0.3532763532763534,-0.3333333333333333,0.3333333333333333,109.28399968147278,125.13300000000001,445.91700000000003,45.044000000000004,238.75799999999998,17.0,6.666666666666667
2014-04-18,AS14.02,0.2831366164699499,0.0,0.0,109.28399968147278,125.13300000000001,445.91700000000003,45.044000000000004,238.75799999999998,3.0,6.5
2014-04-21,AS14.02,0.21299687966354647,-0.5,-0.5,109.28399968147278,125.13300000000001,445.91700000000003,45.044000000000004,238.75799999999998,8.0,5.5
2014-04-23,AS14.02,0.142857142857143,0.0,0.5,109.28399968147278,125.13300000000001,445.91700000000003,45.044000000000004,238.75799999999998,8.0,5.5
2014-03-26,AS14.03,0.0911532011403041,0.5,1.0,3985.9769988059993,118.63900000000001,1294.789,2463.6980000000003,93.16900000000001,1.0,8.25
2014-04-05,AS14.03,0.11442793762963631,1.2,1.0,3852.6619989871942,263.059,1110.404,2402.2999999999997,80.55799999999999,6.0,7.6
2014-04-07,AS14.03,0.14406393678902962,0.2,1.0,5035.644999742507,596.011,1787.445,2726.69,154.846,2.0,7.4
2014-04-09,AS14.03,0.0921222333052219,0.6,1.0,1773.7219996452325,23.843000000000004,763.865,1032.365,124.674,3.333333333333333,7.8
2014-04-11,AS14.03,0.12018808327176551,0.2,1.0,4983.920999288563,102.15899999999999,1698.898,3154.798,386.948,4.666666666666666,7.6
2014-04-15,AS14.03,0.11955499852139129,0.2,0.8,3964.784998178483,726.5,2245.302,1856.067,112.31700000000001,6.0,7.6
2014-04-16,AS14.03,0.11476816921494709,0.8,1.0,5334.56700015068,244.239,1454.301,3532.363,221.27,2.0,8.0
2014-04-22,AS14.03,0.09285561446082308,0.4,0.8,3493.3910002708435,126.094,1806.502,2381.933,96.599,1.5,7.6
2014-04-23,AS14.03,0.1203897193369119,0.6,0.8,4272.427999734879,145.374,1479.562,2552.8650000000002,82.68299999999999,1.0,7.0
2014-04-24,AS14.03,0.10600109223606825,-0.2,1.0,4893.604000329971,115.675,2815.141,1800.461,176.453,1.0,7.4
2014-04-28,AS14.03,0.08262849034113322,-1.4,1.0,3365.22000002861,118.209,2852.19,3533.5150000000003,77.45,1.0,7.0
2014-04-30,AS14.03,0.08969224082903049,-1.2,1.0,4097.972999095916,191.088,1863.695,2006.694,142.977,3.0,7.0
2014-05-03,AS14.03,0.1389189314363011,-0.4,1.0,7432.300000190738,550.479,924.108,3330.291,153.138,5.0,7.75
2014-05-04,AS14.03,0.06616240664834475,-1.2,0.8,3048.189000368119,80.634,192.14600000000002,2692.839,79.17599999999999,4.0,7.4
2014-05-06,AS14.03,0.0864344417491167,-0.9333333333333333,0.9,1786.1979990005495,568.458,980.4499999999999,466.711,12.061,2.0,7.533333333333333
2014-05-07,AS14.03,0.09445035643820726,-0.6666666666666666,1.0,3511.5200004577637,719.6809999999999,1327.231,1198.903,297.33500000000004,2.0,7.666666666666667
2014-03-17,AS14.05,0.08337052096204704,-0.4,0.4,5613.824001312256,839.597,1774.029,1020.822,174.668,2.0,6.0
2014-03-19,AS14.05,0.13369126492653632,1.0,0.75,6095.810001134871,235.80700000000002,4320.741,1031.177,160.88000000000002,1.5,6.75
2014-03-20,AS14.05,0.11845679938612319,1.0,0.8,4862.865999221802,122.208,4486.863,512.418,157.196,1.0,7.2
2014-03-21,AS14.05,0.050197722898856136,0.0,1.0,3032.3189995288863,393.794,2267.379,375.79200000000003,53.848,5.0,7.25
2014-03-26,AS14.05,0.039236509193725615,-0.5,0.25,8523.028999567037,176.916,7550.9,715.528,217.99,1.0,5.5
2014-03-29,AS14.05,0.10442318185053041,-0.4,1.0,2506.7190003395085,473.51,1584.78,345.242,171.06400000000002,4.0,6.4
2014-03-30,AS14.05,0.07491950961612633,-0.8,0.8,4132.284999370574,194.232,3235.621,360.442,245.233,4.0,6.2
2014-03-31,AS14.05,0.05534132176899743,-0.4,1.0,1278.2409992218008,110.37700000000001,581.754,1269.714,444.276,2.0,6.8
2014-04-01,AS14.05,0.07812598561494999,0.0,1.0,4642.2749993801135,459.605,2799.0969999999998,1275.554,140.298,2.0,7.0
2014-04-02,AS14.05,0.07312614127423468,-0.2,1.0,3362.5429990291605,388.53000000000003,1747.588,960.305,298.449,2.0,7.0
2014-04-03,AS14.05,0.05275148533518809,-1.0,0.8,4592.4509990215265,707.5649999999999,3026.877,896.674,86.589,2.0,7.2
2014-04-06,AS14.05,0.07736263815327492,-0.4,1.0,4267.385000228884,229.397,3604.419,893.7019999999999,138.891,2.0,6.8
2014-04-07,AS14.05,0.06685869441897198,-0.25,0.75,5002.378999710086,471.08299999999997,4020.034,348.513,156.375,1.0,6.75
2014-04-09,AS14.05,0.1536189527904702,0.25,0.75,7907.565998554234,498.626,6228.592,938.6149999999999,235.499,1.0,7.0
2014-04-11,AS14.05,0.0946152502759936,0.2,0.6,5875.098001003268,1013.046,4781.4,645.361,106.028,2.0,7.0
2014-04-12,AS14.05,0.04929885725426735,-1.4,1.0,9284.78499865532,374.492,7058.309,1298.625,289.672,3.0,7.0
2014-04-14,AS14.05,0.1017234451157769,-1.2,0.4,4047.472999811173,624.276,1498.658,1530.608,469.11999999999995,2.75,6.4
2014-04-16,AS14.05,0.10564943114617577,-0.6,0.8,1779.0359995365131,224.474,1065.002,697.596,149.665,2.5,7.2
2014-04-17,AS14.05,0.11503845562252696,0.4,0.6,5463.500999689104,582.436,4081.767,1271.091,167.243,2.25,6.6
2014-04-19,AS14.05,0.06088698983560529,-0.8,0.8,2441.471001625062,116.467,1140.55,948.1850000000001,232.62500000000003,2.0,7.2
2014-04-20,AS14.05,0.03538299274192724,-1.2,1.0,7613.729999780657,372.859,4990.249,2090.799,336.651,2.0,7.2
2014-04-22,AS14.05,0.06284797975562106,0.4,1.0,4750.197001934052,525.8,2224.006,1731.554,261.863,2.0,7.2
2014-04-23,AS14.05,0.0809468968896285,-1.0,1.0,4737.818998575209,244.856,3439.813,1854.156,189.44400000000002,1.0,7.2
2014-04-24,AS14.05,0.0393710661860602,-0.75,1.0,5063.6640005111685,440.23600000000005,3924.221,643.041,117.47400000000002,1.0,7.2
2014-04-27,AS14.05,0.018822482895967975,-0.6,1.0,3046.8400008678445,130.072,3169.602,753.108,296.33299999999997,1.0,7.4
2014-04-28,AS14.05,0.01030462752911947,-0.6,1.0,6057.330000400542,427.954,4711.91,1244.2440000000001,232.623,1.0,7.0
2014-04-30,AS14.05,0.06160851782272659,-0.6,1.0,3712.8329997062674,31.581,2949.287,448.73900000000003,277.656,2.666666666666667,7.0
2014-05-01,AS14.05,0.025292275106005607,-0.2,1.0,5083.854998826981,343.089,4160.492,585.6590000000001,139.338,4.333333333333334,6.8
2014-05-03,AS14.05,0.05447085148853847,0.25,1.0,3715.250999212267,489.999,2458.4139999999998,882.476,282.68699999999995,6.0,6.75
2014-05-04,AS14.05,0.07258033493084995,0.25,1.0,4132.476999044419,177.708,3289.885,341.639,240.28199999999998,2.0,7.0
2014-03-27,AS14.06,0.1323286052009456,0.25,0.25,8167.157000541684,523.6959999999999,4045.84,3534.797,55.647999999999996,1.0,7.0
2014-03-29,AS14.06,0.11158088235294117,0.0,1.0,3907.130999803545,32.411,1881.483,2044.078,101.467,3.0,7.8
2014-03-30,AS14.06,0.21129785247432312,0.0,0.8,8933.720999002453,1874.664,549.846,6516.3150000000005,49.25000000000001,5.0,7.8
2014-03-31,AS14.06,0.16060545689131747,-0.2,0.4,7504.32200050354,2017.195,2061.095,5143.749,49.306,1.0,7.0
2014-04-01,AS14.06,0.22585362340247242,0.0,0.75,8370.869999647139,1351.4840000000002,4034.721,3866.594,56.760999999999996,3.0,7.75
2014-04-02,AS14.06,0.1625525210084034,-0.6,0.4,9183.50400090218,597.655,4435.702,4431.204,80.816,4.0,6.8
2014-04-03,AS14.06,0.20957389809629753,0.0,0.4,7130.967000246047,509.24,3895.875,3201.315,222.28699999999998,2.0,7.2
2014-04-04,AS14.06,0.1495238095238096,-0.4,0.2,9345.66300010681,859.879,3580.079,5966.402,591.694,2.0,7.0
2014-04-05,AS14.06,0.29227390180878554,-0.4,0.8,4097.588000059132,537.624,1395.313,3196.814,201.263,2.0,7.0
2014-04-06,AS14.06,0.020425724637681136,-1.0,0.4,5300.54499936104,760.537,886.779,3575.7059999999997,76.721,1.0,7.0
2014-04-07,AS14.06,0.19494720965309198,-0.6,0.0,6208.289999485022,402.886,3437.375,2856.288,80.906,3.0,6.2
2014-04-12,AS14.06,0.23391223155929042,0.4,1.0,4206.082000732421,257.655,682.347,3082.635,177.861,2.5,8.2
2014-04-14,AS14.06,0.17874293785310738,-0.25,0.75,4463.4839992523175,1113.333,2002.915,1302.05,38.558,2.0,7.25
2014-04-15,AS14.06,0.20056360708534618,-0.4,0.6,6740.1799998283395,1489.296,3870.255,3942.974,89.231,6.0,7.0
2014-04-18,AS14.06,0.14621547543748678,-1.0,0.5,7052.253001213076,714.672,3474.757,2981.4359999999997,389.81499999999994,3.0,6.25
2014-04-19,AS14.06,0.09826388888888893,0.2,0.6,5234.979000806809,596.8720000000001,3080.599,1377.373,178.113,4.0,6.8
2014-04-20,AS14.06,0.029657567049808403,0.6,0.8,5498.4280004501325,105.115,1344.616,4198.407999999999,52.714,2.5,8.2
2014-04-21,AS14.06,0.07823937267214573,0.2,0.6,7144.265999794008,36.102,2974.157,4721.702,203.88,1.0,7.0
2014-04-25,AS14.06,0.26499999999999996,-1.0,0.4,8179.014999866491,808.688,3095.93,5044.896,303.854,3.0,6.4
2014-04-27,AS14.06,0.05971583946078428,-0.6,1.0,1710.3350005149846,429.4755,529.021,1062.74,219.19599999999997,2.6666666666666665,7.2
2014-04-28,AS14.06,0.17232443482443488,-0.25,0.5,6545.04800081253,50.263,4157.267,2719.661,29.229,2.3333333333333335,6.75
2014-04-29,AS14.06,0.1751971158833905,0.0,1.0,8530.252000808712,1423.8790000000001,4224.186,6525.683999999999,40.293,2.0,7.25
2014-04-30,AS14.06,0.10888427751577055,-0.6,0.6,8637.355999231337,788.811,3771.92,4101.271,106.304,1.0,6.8
2014-05-01,AS14.06,0.3267268445839875,0.0,1.0,3277.344000101089,290.615,1144.89,2894.134,319.842,2.0,8.0
2014-05-02,AS14.06,0.18526365348399243,-0.75,1.0,6839.912998199464,915.983,2552.237,3078.68,307.834,4.0,7.2
2014-05-03,AS14.06,0.2202587145969499,-0.75,0.0,1446.6239998340611,4.009,995.107,853.067,75.887,3.0,6.25
2014-05-05,AS14.06,0.082037037037037,-0.6666666666666666,0.6666666666666666,5316.622999906539,24.224,2457.7290000000003,2745.5860000000002,87.913,2.0,7.0
2014-05-06,AS14.06,0.12715530656707127,-0.8333333333333333,0.8333333333333333,8128.75799894333,250.91199999999998,4816.999,4403.262,40.743,1.0,7.0
2014-05-08,AS14.06,0.0,-1.0,1.0,8128.75799894333,250.91199999999998,303.46299999999997,78.52799999999999,40.743,1.0,7.0
2014-03-26,AS14.07,0.10329373128561768,0.2,0.6,9189.55200004578,2381.75,4506.427,1945.212,307.66,12.0,6.6
2014-03-27,AS14.07,0.08970024791525805,0.2,0.4,9708.778999090195,1945.115,4822.297,2513.56,112.04599999999999,10.0,6.8
2014-03-28,AS14.07,0.09809984248895876,0.25,1.5,12984.041001558304,2655.3269999999998,4794.411,4080.839,1198.16,1.0,8.25
2014-03-30,AS14.07,0.0625734602553756,0.2,0.0,8739.792000055313,1742.202,4133.7029999999995,1867.962,337.074,3.0,6.2
2014-03-31,AS14.07,0.051366076733723814,-1.0,0.0,13187.446000099182,1666.65,4982.926,6109.054,256.023,6.0,4.333333333333333
2014-04-03,AS14.07,0.09026347679477341,-0.4,0.2,8073.050000190733,1054.542,4238.5650000000005,4585.491,310.735,5.0,6.2
2014-04-06,AS14.07,0.05631576348488113,-0.75,1.0,7656.6060009002695,882.906,2782.046,4001.492,111.167,5.0,6.75
2014-04-08,AS14.07,0.07680102095483002,-0.4,0.6,9726.615999460217,863.043,7209.865,1334.468,593.076,1.0,6.8
2014-04-09,AS14.07,0.0707902001380262,-1.0,0.6,13731.39099931717,828.236,2320.953,1825.779,121.905,4.0,6.4
2014-04-10,AS14.07,0.0989583333333333,0.4,0.0,5612.3310008049075,790.477,1210.962,3556.874,63.328,10.0,6.2
2014-04-11,AS14.07,0.06868288982259571,0.5,-1.0,2235.2060010433183,409.214,1436.89,90.485,295.512,1.0,3.5
2014-04-13,AS14.07,0.01631944444444443,-0.25,1.0,8132.0510020256115,728.656,2883.754,2949.9750000000004,42.219,5.0,6.5
2014-04-14,AS14.07,0.03335375816993464,-0.2,0.4,4822.974000215535,862.117,2134.432,3264.3199999999997,91.556,3.0,6.2
2014-04-15,AS14.07,0.019623337804315216,-0.75,0.5,8726.610999822617,459.628,5490.562,2701.316,72.477,2.0,6.0
2014-04-17,AS14.07,0.11809086629001884,-1.2,-0.4,7809.418999671931,1242.158,3915.546,2608.799,75.227,1.0,3.8
2014-04-18,AS14.07,0.047270114942528745,-1.0,-0.4,6566.541000366214,906.605,3556.02,1653.6419999999998,142.871,3.0,5.2
2014-04-19,AS14.07,0.003125470618354867,0.25,0.75,2050.9950006008153,219.009,1084.321,523.266,94.744,2.5,7.0
2014-04-22,AS14.07,0.09099018199233717,-0.2,0.4,5708.751999616626,1053.4660000000001,2729.994,1769.214,120.341,2.0,6.0
2014-04-23,AS14.07,0.07537353651992687,-0.6666666666666666,0.0,11782.639000177385,1455.674,7785.343,1893.044,645.6089999999999,5.0,6.0
2014-04-24,AS14.07,0.15798611111111105,-0.6,0.4,3173.6349997520447,446.687,3558.812,214.721,167.796,4.0,5.6
2014-04-26,AS14.07,0.018915739069801873,-0.4,-0.2,7633.689001798637,879.059,4805.511,1265.408,629.97,3.0,5.4
2014-04-27,AS14.07,0.013407752824023426,-0.6,0.4,9327.362001657482,591.766,4909.536,2275.016,233.213,2.0,6.0
2014-04-29,AS14.07,0.13463824767244986,-2.0,0.0,6649.512000322342,2796.391,6168.858,1818.0590000000002,227.464,10.0,5.0
2014-05-01,AS14.07,0.10358452683650247,-1.6666666666666667,-0.3333333333333333,5441.058000802992,474.879,4111.217000000001,1249.495,130.70499999999998,5.5,5.0
2014-05-03,AS14.07,0.07569444444444444,-0.6666666666666666,0.0,1797.8099997043612,290.056,294.10699999999997,1175.578,37.375,1.0,5.666666666666667
2014-05-04,AS14.07,0.08229166666666671,-1.0,1.0,2201.7170004844656,529.433,2160.107,404.96299999999997,9.085,1.0,8.0
2014-05-05,AS14.07,0.08229166666666671,-1.5,0.5,2201.7170004844656,529.433,2160.107,404.96299999999997,9.085,1.0,5.5
2014-03-18,AS14.08,0.028491361781937872,-0.2,0.6,1318.1699995994566,5.92,716.8960000000001,546.227,47.137,1.6666666666666667,6.4
2014-03-19,AS14.08,0.0630171632209882,-0.2,1.0,1827.459999084472,49.837,1011.7099999999999,681.708,82.55799999999999,1.0,7.0
2014-03-21,AS14.08,0.00894230236465267,-0.4,0.6,2857.9249997138977,215.864,2477.42,1085.183,100.497,4.0,6.6
2014-03-24,AS14.08,0.04630791276266164,-0.8,1.0,1967.9929997920997,14.427,194.055,1700.212,63.086,2.5,6.8
2014-03-25,AS14.08,0.016897661842514778,-0.6,1.0,726.2829999923706,73.604,1469.956,530.451,46.93600000000001,1.0,7.2
2014-03-26,AS14.08,0.08950139311864187,-0.25,0.5,1818.4510009288792,330.846,895.011,687.572,57.00699999999999,5.0,6.5
2014-03-29,AS14.08,0.024944120627437023,-0.16666666666666666,1.0,1191.82900071144,46.795,536.168,510.39,61.195,2.0,7.166666666666667
2014-03-30,AS14.08,0.0784470781932718,0.0,0.6,779.8929989337921,9.926,218.915,506.55500000000006,43.082,2.0,6.8
2014-03-31,AS14.08,0.07893465181771635,0.0,1.2,1670.5409996509547,3.048,1230.323,477.60600000000005,64.701,2.0,7.6
2014-04-01,AS14.08,0.062353854585312354,-1.0,1.0,2074.4190006256113,28.205000000000002,1623.59,1066.422,62.794000000000004,2.0,7.2
2014-04-02,AS14.08,0.008289547359385422,-0.4,0.8,696.810000658035,33.864,1809.842,227.34,71.88,2.0,6.6
2014-04-04,AS14.08,0.031123972587273636,0.25,1.25,1265.5080008506782,168.297,863.472,1643.455,43.54,2.0,7.5
2014-04-05,AS14.08,0.12841414141414143,0.2,1.2,1735.447999954224,8.64,951.8109999999999,710.429,63.718999999999994,1.75,7.4
2014-04-06,AS14.08,0.007280235288804587,0.0,1.25,1296.008000373841,69.105,331.962,543.849,45.451,1.5,7.6
2014-04-08,AS14.08,0.05814829222796919,-0.25,0.5,2564.4870009422293,67.864,1572.274,1172.097,87.851,1.25,6.5
2014-04-11,AS14.08,0.07413554916192037,0.6,1.0,1581.9210007190707,51.944,452.748,1022.4680000000001,51.126,1.0,7.6
2014-04-15,AS14.08,0.03409090909090908,-0.8,0.6,3149.47799921036,313.846,2067.439,747.906,54.181,1.0,6.4
2014-04-16,AS14.08,0.06859735641438541,-0.6,0.8,1724.2629995346065,122.282,853.409,666.307,78.719,1.0,6.6
2014-04-18,AS14.08,0.049041986144740375,-0.4,0.6,936.6079995632168,8.937000000000001,178.033,678.915,67.792,1.0,6.0
2014-04-22,AS14.08,0.07739994303879248,-0.6,0.4,1819.2249996662135,109.492,795.312,864.347,46.998000000000005,1.0,6.0
2014-04-23,AS14.08,0.1249760272490379,0.0,0.4,1554.5250003337856,153.904,1044.884,435.924,51.104,1.0,5.6
2014-04-26,AS14.08,0.047178819444444485,-0.5,0.25,702.6440005302428,276.46,156.572,237.624,29.159,1.0,6.0
2014-04-28,AS14.08,0.02225241545893721,-0.8,0.6,864.7580003738399,127.955,122.74300000000001,570.938,45.431,1.0,5.8
2014-04-29,AS14.08,0.030996148459383754,-0.25,0.25,2025.4379999637601,21.515,1157.159,805.6139999999999,39.375,1.0,5.75
2014-04-30,AS14.08,0.03482503992976501,-0.5,1.0,3999.0009987354206,38.781,3192.407,725.653,38.314,1.0,6.666666666666667
2014-05-04,AS14.08,0.04327761276924563,-0.2,1.0,1968.681000471115,162.032,780.008,681.4110000000001,346.091,1.0,6.8
2014-05-05,AS14.08,0.0026041666666666687,-1.0,1.0,263.81499981880165,162.032,36.584,204.482,22.215,1.0,6.666666666666667
2014-03-27,AS14.09,0.027083333333333345,-0.4,0.8,4169.421998977661,210.582,790.652,2941.617,224.50600000000003,1.0,7.8
2014-03-29,AS14.09,0.08229166666666667,-0.4,1.0,7516.976999044419,454.912,3478.223,3355.628,224.833,5.0,8.0
2014-03-31,AS14.09,0.08333333333333336,-0.2,0.2,6808.904999494553,623.375,3363.6079999999997,2188.529,629.9350000000001,3.0,7.0
2014-04-04,AS14.09,0.07604166666666666,-0.75,0.75,6912.645999670029,276.152,3102.534,3191.824,339.09000000000003,4.0,7.25
2014-04-05,AS14.09,0.11562500000000002,0.0,0.75,5465.0930008888245,53.050999999999995,3022.079,2308.527,77.70400000000001,3.6666666666666665,7.5
2014-04-06,AS14.09,0.1388888888888889,-0.4,0.8,7160.648002386096,269.692,2888.572,3894.762,103.393,3.3333333333333335,6.8
2014-04-09,AS14.09,0.034126984126984145,0.25,0.25,4303.1010003089905,455.00600000000003,1715.135,2093.158,55.348,3.0,6.5
2014-04-10,AS14.09,0.030357142857142857,0.75,0.0,2158.587001562118,116.389,826.867,1117.825,99.06400000000001,1.0,6.0
2014-04-11,AS14.09,0.1142857142857143,0.0,0.6,5562.076999187465,2.008,765.301,714.712,771.5110000000001,1.0,6.8
2014-04-13,AS14.09,0.1722222222222222,-0.8,0.0,1216.8459997177124,12.187,503.457,273.882,427.257,1.0,6.0
2014-04-14,AS14.09,0.08333333333333319,-0.2,-0.2,823.1890001296997,75.483,186.686,487.699,103.199,2.0,5.8
2014-04-15,AS14.09,0.08854166666666669,0.0,0.0,1799.896999597549,120.66499999999999,595.632,1191.573,11.277000000000001,2.0,6.0
2014-04-16,AS14.09,0.015584415584415586,-0.5,-0.25,588.7820003032683,10.120999999999999,262.839,419.492,29.612,2.0,5.5
2014-04-17,AS14.09,0.11045653907496016,0.0,0.75,2211.44800043106,31.595999999999997,1268.037,688.51,232.03099999999998,2.0,7.0
2014-04-19,AS14.09,0.11314935064935065,0.25,1.0,1896.4769990444192,13.157,761.494,624.7510000000001,496.18899999999996,2.0,8.0
2014-04-20,AS14.09,0.041548295454545435,0.0,0.25,421.08100032806396,2.012,248.21,476.86199999999997,61.328,2.0,6.25
2014-04-21,AS14.09,0.015309343434343438,-1.0,0.5,848.1339998245237,66.726,66.779,587.768,126.575,2.0,6.5
2014-04-24,AS14.09,0.04203282828282827,0.2,1.0,763.8369996547699,23.392,302.979,422.545,16.141,5.0,7.2
2014-04-25,AS14.09,0.11581439393939394,0.25,1.0,1263.7550008296962,4.023,644.268,1024.537,110.83900000000001,5.0,7.25
2014-04-27,AS14.09,0.11581439393939394,-1.0,0.25,1263.7550008296962,4.023,644.268,1024.537,110.83900000000001,5.0,6.25
2014-04-28,AS14.09,0.11581439393939394,0.0,0.6,1263.7550008296962,4.023,644.268,1024.537,110.83900000000001,5.0,6.6
2014-04-29,AS14.09,0.11581439393939394,-0.5,0.5,1263.7550008296962,4.023,644.268,1024.537,110.83900000000001,5.0,6.75
2014-04-30,AS14.09,0.11581439393939394,-0.5,0.75,1263.7550008296962,4.023,644.268,1024.537,110.83900000000001,5.0,7.0
2014-05-01,AS14.09,0.11581439393939394,-0.25,0.75,1263.7550008296962,4.023,644.268,1024.537,110.83900000000001,5.0,7.5
2014-05-02,AS14.09,0.11581439393939394,0.0,0.8,1263.7550008296962,4.023,644.268,1024.537,110.83900000000001,5.0,7.6
2014-05-03,AS14.09,0.11581439393939394,0.25,0.75,1263.7550008296962,4.023,644.268,1024.537,110.83900000000001,5.0,7.75
2014-05-04,AS14.09,0.11581439393939394,0.2,0.4,1263.7550008296962,4.023,644.268,1024.537,110.83900000000001,5.0,6.6
2014-05-05,AS14.09,0.11581439393939394,-1.0,0.5,1263.7550008296962,4.023,644.268,1024.537,110.83900000000001,5.0,6.0
2014-03-27,AS14.12,0.1482905365606453,-0.5,1.0,6065.711000442509,735.716,930.649,4600.981,76.957,2.0,7.0
2014-03-30,AS14.12,0.050002669288337596,-0.2,0.25,3085.156000614166,805.483,790.708,1388.212,68.786,1.0,5.8
2014-03-31,AS14.12,0.07254649006645171,0.4,0.4,3845.6270000934614,954.035,633.707,1390.5810000000001,819.956,1.0,6.4
2014-04-01,AS14.12,0.1407921548420124,0.4,0.75,8892.608999252321,1334.388,2928.829,4063.873,112.725,2.0,6.4
2014-04-05,AS14.12,0.15029831343020303,0.0,0.4,4866.7180008888245,1613.18,212.44,3582.754,280.875,4.0,6.2
2014-04-06,AS14.12,0.08721111947339887,0.25,0.75,2818.0290002822862,567.62,165.981,1698.164,385.6890000000001,3.0,6.25
2014-04-08,AS14.12,0.11765497159315706,0.0,0.25,7995.541000366211,3070.942,1390.59,5113.416,161.927,2.0,6.25
2014-04-10,AS14.12,0.13382078343157316,0.2,0.6,7782.513999700544,2114.53,547.5509999999999,5403.879,56.132,2.3333333333333335,6.4
2014-04-12,AS14.12,0.08403201429421403,0.0,0.8,7295.19900035858,2864.401,1886.542,2937.907,682.0070000000001,2.6666666666666665,6.8
2014-04-13,AS14.12,0.09538332496422719,0.6,0.0,8651.996002197266,1239.1779999999999,1637.8729999999998,5273.9220000000005,231.17700000000002,3.0,5.6
2014-04-14,AS14.12,0.08742418577600534,-0.4,0.8,7834.32399940491,1622.191,1086.819,4920.593,84.63,1.0,6.6
2014-04-15,AS14.12,0.12005049713493486,0.2,1.0,7183.024999380113,2352.609,2162.354,3670.833,58.472,6.0,6.8
2014-04-16,AS14.12,0.19809923260395704,0.0,1.0,7032.783002853394,2876.7180000000003,2180.453,2818.79,192.116,5.0,7.0
2014-04-17,AS14.12,0.13106163600075882,-0.6,0.8,7747.718999624252,1108.736,1762.53,4523.067,316.895,2.0,6.8
2014-04-18,AS14.12,0.07997912314877687,-0.6,0.8,5904.472999334335,796.857,315.754,3927.299,534.482,1.5,6.6
2014-04-21,AS14.12,0.0702309086923999,-0.25,0.75,4222.318999528884,1243.055,1039.461,2052.467,131.799,1.0,6.0
2014-04-23,AS14.12,0.11449388733473977,0.0,0.8,5621.264999151228,1266.985,546.161,3802.608,296.428,6.0,5.8
2014-04-24,AS14.12,0.08522280013775359,-0.6,0.6,6934.605998277665,3131.0499999999997,289.282,4748.43,701.1990000000001,1.0,6.6
2014-04-29,AS14.12,0.07919763729171322,-0.4,1.0,6085.489000082016,2113.0769999999998,863.179,4229.115,48.704,4.0,6.0
2014-04-30,AS14.12,0.12199319253000575,-0.25,0.6666666666666666,6141.15299963951,1681.248,1570.289,3129.017,516.974,2.0,6.25
2014-05-03,AS14.12,0.08514009749880902,-0.4,0.2,5445.758001565932,2817.4339999999997,961.563,2802.385,71.393,2.0,5.6
2014-05-04,AS14.12,0.11459872269952807,-0.8,-0.2,7504.151001453398,3155.5840000000003,356.15700000000004,5891.331999999999,44.191,2.0,4.8
2014-05-05,AS14.12,0.032041855203619865,0.0,0.3333333333333333,2281.6200006008153,1344.748,1019.573,653.272,24.093999999999998,2.0,6.0
2014-03-23,AS14.13,0.11916263386851622,1.6,1.0,6527.276000261304,387.581,5841.738,881.1010000000001,336.293,2.0,7.4
2014-03-26,AS14.13,0.303655124259914,-1.0,1.0,9064.927999734879,430.692,7317.156,1051.708,265.61899999999997,2.0,8.4
2014-03-27,AS14.13,0.10809412957208692,-1.2,1.0,8565.003998994824,17.725,7266.265,1086.58,814.6020000000001,1.0,7.4
2014-03-29,AS14.13,0.37008537798408486,-1.8,1.0,5617.916001319885,200.035,5104.884,1363.516,161.57100000000003,1.0,7.2
2014-03-31,AS14.13,0.2922268907563025,-1.2,0.6,5456.011997938155,543.161,2715.429,1865.54,74.55,1.0,7.0
2014-04-04,AS14.13,0.19674225941227172,-0.6,1.0,8050.796003341671,918.598,7126.405,1079.051,201.698,3.0,7.8
2014-04-05,AS14.13,0.15646127217935726,0.2,0.8,12458.326999664301,91.818,11836.062,632.0409999999999,237.982,2.6666666666666665,6.8
2014-04-06,AS14.13,0.32032102320237915,0.25,0.75,8325.587998628615,1421.9579999999999,6148.126,873.062,610.2239999999999,2.3333333333333335,6.25
2014-04-08,AS14.13,0.12433551478229142,0.8,1.4,10384.884002208708,1052.325,7986.181,1143.513,154.113,2.0,8.2
2014-04-10,AS14.13,0.3092114046758542,0.6,1.0,8855.479999065397,285.247,8405.13,117.799,212.21,1.0,7.6
2014-04-11,AS14.13,0.46870776282540977,0.6,1.2,3541.379999160767,864.074,2146.671,375.111,230.84799999999998,1.0,6.8
2014-04-13,AS14.13,0.1513406794183811,0.2,0.8,8206.342999458317,146.25900000000001,7647.544,156.511,256.995,2.0,6.6
2014-04-14,AS14.13,0.26101854320329393,-0.6,1.0,4942.535999536515,376.565,4689.806,214.171,257.046,2.0,6.8
2014-04-16,AS14.13,0.3382828282828283,-0.25,0.75,6136.71899843216,568.467,5001.134,369.441,332.408,2.0,6.0
2014-04-17,AS14.13,0.04141105260380633,-1.2,1.0,11643.33200097084,287.69100000000003,9404.267,460.975,1440.858,3.0,6.4
2014-04-19,AS14.13,0.24085059179676505,-0.6,1.0,9011.547000885008,1480.781,6410.086,692.91,552.93,1.0,7.2
2014-04-20,AS14.13,0.26218487394957973,-1.6,0.6,2915.6050009727473,17.698999999999998,5446.16,202.312,107.94800000000001,1.0,6.6
2014-04-22,AS14.13,0.27103526538463674,-1.25,0.75,7339.745000839235,1539.318,5355.558,495.325,272.85,1.0,5.75
2014-04-23,AS14.13,0.43857334881770976,-0.8,1.0,3922.773000240326,521.996,2699.926,612.538,168.385,5.0,7.4
2014-04-24,AS14.13,0.4378101065601064,1.0,1.0,13762.461001634596,579.919,2797.652,493.53999999999996,303.98799999999994,2.0,7.666666666666667
2014-04-26,AS14.13,0.169494766505636,-1.8,1.6,7379.346999406813,134.419,5632.783,416.906,517.7560000000001,2.0,8.8
2014-04-27,AS14.13,0.2649346728151076,-0.5,1.5,13700.424999237059,771.598,10223.057,836.767,1711.4999999999995,2.0,8.0
2014-04-28,AS14.13,0.29876844002231007,-1.6666666666666667,1.0,7873.467999935148,485.041,6129.391,561.6429999999999,638.268,2.0,8.166666666666666
2014-04-30,AS14.13,0.29367141217445164,-1.1666666666666667,1.0,7364.614001035689,95.101,6282.335,790.374,569.909,2.0,7.833333333333333
2014-05-02,AS14.13,0.22384322876155907,-1.4,0.8,8166.500999450687,1039.403,6354.046,570.7909999999999,366.52500000000003,2.0,8.0
2014-05-03,AS14.13,0.22384322876155907,-0.75,1.0,69.4070000648498,35.452,1.095,69.036,366.52500000000003,2.0,7.25
2014-05-04,AS14.13,0.22384322876155907,-1.0,1.0,69.4070000648498,35.452,1.095,69.036,366.52500000000003,2.0,8.0
2014-04-01,AS14.14,0.0520055667194414,0.0,0.4,430.88399982452404,262.253,95.12,32.446,40.202,1.0,6.2
2014-04-02,AS14.14,0.06348750312481978,-1.0,1.0,779.8729991912842,1549.849,160.763,71.732,14.067,1.0,7.0
2014-04-03,AS14.14,0.06938709391802698,-0.5,1.0,2372.6589994430565,1613.333,373.998,54.641,67.906,1.0,7.333333333333333
2014-04-04,AS14.14,0.0038194444444444413,-1.0,1.0,307.5409996509551,239.324,36.288,68.466,31.473000000000003,1.0,7.5
2014-04-05,AS14.14,0.016678436911487748,-1.6,0.6,1485.8990004062653,1584.166,755.504,82.291,66.697,1.0,7.4
2014-04-07,AS14.14,0.008827357154755954,-0.2,1.0,550.3640000820161,224.365,106.627,133.944,84.59700000000001,1.0,7.0
2014-04-09,AS14.14,0.11708683473389359,0.3333333333333333,1.0,1098.342000484467,879.335,166.576,13.054,30.412,1.0,8.0
2014-04-10,AS14.14,0.052010804321728686,-0.3333333333333333,1.0,846.4809994697566,881.543,18.882,29.299,23.165,1.0,6.666666666666667
2014-04-12,AS14.14,0.06368182159869594,0.0,1.0,115.9870002269745,93.682,30.070666666666668,24.694666666666667,22.239,1.0,7.5
2014-04-13,AS14.14,0.0,-0.5,0.6666666666666666,29.7229998111725,29.695,41.25933333333334,20.090333333333334,25.316000000000003,1.0,6.75
2014-04-15,AS14.14,0.0018079959256429832,-1.0,0.3333333333333333,321.80199980735784,3100.845,52.448,15.486,28.393,1.0,6.0
2014-04-16,AS14.14,0.05852007469654529,0.5,0.25,742.986000061035,5338.439,13.135,54.03925000000001,55.263999999999996,1.0,6.0
2014-04-18,AS14.14,0.020833333333333308,-1.0,0.0,106.7050001621246,102.985,39.213,92.59250000000002,28.419999999999998,1.0,6.5
2014-04-19,AS14.14,0.0017390289449112958,0.25,1.0,258.98600029945374,131.963,78.107,131.14575000000002,48.378,1.0,6.75
2014-04-20,AS14.14,0.00799778244631186,-1.0,0.5,863.2370004653926,430.85200000000003,211.953,169.699,50.403000000000006,1.0,7.5
2014-04-21,AS14.14,0.04212783797729616,0.25,1.0,596.8669996261601,1865.869,322.493,18.149,33.201,1.0,7.0
2014-04-22,AS14.14,0.007632545771931953,-0.4,0.6,727.9210000038145,1740.156,142.346,198.966,42.314,2.0,7.0
2014-04-23,AS14.14,0.04466630042821724,-1.0,0.3333333333333333,657.5240001678465,517.355,50.783,14.192,93.81700000000001,1.8,7.0
2014-04-24,AS14.14,0.06470588235294111,0.3333333333333333,1.0,620.213000059128,383.367,75.65,32.423,127.53800000000001,1.6,7.333333333333333
2014-04-25,AS14.14,0.005905695611577958,0.8,1.4,805.6799995899205,1985.564,511.516,56.93766666666667,73.436,1.4,8.0
2014-04-27,AS14.14,0.003124999999999996,0.0,1.0,439.1410000324258,233.617,162.703,81.45233333333334,42.509,1.2,7.666666666666667
2014-04-28,AS14.14,0.0,0.3333333333333333,1.0,56.5980002880097,56.04600000000001,94.973,105.967,25.8215,1.0,7.444444444444445
2014-04-29,AS14.14,0.0037037037037037,0.6666666666666666,1.0,170.51099991798395,200.214,27.243000000000002,130.48166666666668,9.134,1.0,7.222222222222222
2014-04-30,AS14.14,0.05674603174603173,1.0,1.0,172.0380001068115,145.4,8.086,154.99633333333333,18.492,1.0,7.0
2014-05-01,AS14.14,0.08296407075071079,0.0,0.5,302.8090000152587,133.464,7.561,179.511,30.71,1.0,6.0
2014-05-02,AS14.14,0.0125,0.3333333333333333,1.0,288.2680001258849,240.869,7.036,100.323,51.397999999999996,1.0,6.666666666666667
2014-05-03,AS14.14,0.0038194444444444413,0.2,1.0,694.1940002441409,489.03700000000003,117.48,21.135,66.292,1.0,6.8
2014-05-04,AS14.14,0.0006944444444444417,0.0,0.8,354.1380004882811,209.419,59.026,31.135,54.525999999999996,1.0,6.8
2014-05-05,AS14.14,0.006493506493506493,-1.0,1.0,199.8310003280639,4698.054,121.70400000000001,31.135,15.126,1.0,7.0
2014-03-21,AS14.15,0.06922398589065254,0.2,0.8,820.1199998855589,960.108,195.22,3.01,14.117,5.0,7.0
2014-03-22,AS14.15,0.0710591929079324,-0.4,1.0,358.5930004119873,255.808,80.51,9.161333333333333,22.17,4.0,7.0
2014-03-23,AS14.15,0.1449275362318841,0.2,1.0,562.4420001506809,29.591,522.718,15.312666666666667,10.102,3.0,7.0
2014-03-24,AS14.15,0.0,1.0,0.8,326.5949997901914,258.77700000000004,38.207,21.464,8.046,2.0,7.0
2014-03-25,AS14.15,0.0043103448275862,0.8,1.0,1444.801000356674,554.523,890.138,30.761,23.78066666666667,1.0,7.0
2014-03-27,AS14.15,0.0,1.0,1.0,0.462000131607056,49.808,964.7629999999999,40.058,39.51533333333333,12.0,7.0
2014-03-28,AS14.15,0.04206349206349204,1.2,1.0,1583.144999980926,596.674,1039.388,49.355000000000004,55.25,8.0,7.2
2014-03-29,AS14.15,0.325952380952381,-1.2,0.8,194.70199966430664,122.67500000000001,3.016,58.652,10.032,10.0,7.0
2014-03-31,AS14.15,0.0,0.2,1.0,482.2784998416901,205.5165,368.91850000000005,46.82966666666667,9.365,19.0,7.2
2014-04-01,AS14.15,0.2718253968253967,0.6,1.0,769.8550000190736,288.358,734.821,35.007333333333335,8.698,5.0,7.2
2014-04-02,AS14.15,0.18948412698412717,0.8,1.0,1661.306999921798,312.297,1317.541,23.185000000000002,8.031,8.0,7.2
2014-04-03,AS14.15,0.0,0.6,1.0,1200.7200000286102,412.75100000000003,828.614,129.691,12.180625000000001,2.0,7.2
2014-04-04,AS14.15,0.1633802430677431,0.6,1.0,740.1330001354224,513.205,339.687,236.197,16.33025,2.0,7.2
2014-04-09,AS14.15,0.0087719298245614,0.0,1.0,694.2000001668932,367.8885,412.9075,201.538,20.479875,4.0,7.0
2014-04-10,AS14.15,0.00789473684210526,0.4,1.0,648.2670001983639,222.572,486.12800000000004,166.87900000000002,24.6295,1.0,7.2
2014-04-15,AS14.15,0.0,-0.2,1.0,603.4100000858305,208.76425,422.59375,132.22,28.779125,1.0,7.0
2014-04-20,AS14.15,0.09374999999999996,0.0,1.0,558.5529999732969,194.9565,359.0595,97.561,32.92875,2.0,7.0
2014-04-22,AS14.15,0.18749999999999992,0.0,1.0,513.6959998607634,181.14875,295.52525,62.902000000000015,37.078375,3.0,7.0
2014-04-23,AS14.15,0.2812499999999999,1.0,1.0,468.83899974823,167.341,231.99099999999999,28.243,41.228,2.0,7.0
2014-04-25,AS14.15,0.0,1.0,1.0,72.0190000534058,115.09299999999999,17.099,28.243,41.228,11.0,7.0
2014-04-29,AS14.15,0.04,1.0,0.3333333333333333,55.15400004386904,14.92,543.619,28.243,41.228,1.0,7.0
2014-05-02,AS14.15,0.0,0.2,0.5,94.13999994595846,67.97466666666666,543.619,28.243,41.228,3.0,7.0
2014-05-04,AS14.15,0.0,-0.2,0.6,133.12599984804788,121.02933333333334,543.619,28.243,41.228,1.0,7.0
2014-05-05,AS14.15,0.0,1.0,0.75,172.1119997501373,174.084,543.619,28.243,41.228,12.0,7.0
2014-05-07,AS14.15,0.0,0.0,0.6,172.1119997501373,174.084,543.619,28.243,41.228,12.0,7.0
2014-05-08,AS14.15,0.0,0.5,1.0,172.1119997501373,174.084,543.619,28.243,41.228,12.0,7.0
2014-03-17,AS14.16,0.06071428571428575,-0.6,0.6,714.3029994964597,47.283,434.67699999999996,216.303,15.073,3.5,7.2
2014-03-18,AS14.16,0.053911909926399944,0.4,0.6,786.3110008239751,190.195,464.50399999999996,118.65100000000001,11.054,5.0,6.6
2014-03-19,AS14.16,0.005627705627705628,0.0,0.6,26.35700011253359,32.349,281.1155,17.332,22.176,5.5,6.4
2014-03-20,AS14.16,0.04383822653596662,0.6666666666666666,0.3333333333333333,412.8229997158053,323.717,97.727,85.25,10.029,6.0,5.666666666666667
2014-03-21,AS14.16,0.060560360921981006,1.0,1.0,285.03099989891007,103.69,124.309,130.241,10.053,2.0,6.8
2014-03-22,AS14.16,0.06677041257209454,0.5,0.75,1155.7909998893738,87.42399999999999,189.52100000000002,108.85400000000001,10.077,5.0,6.5
2014-03-23,AS14.16,0.06845238095238092,0.0,1.0,726.3540003299709,173.546,204.495,385.618,23.124,9.0,7.0
2014-03-24,AS14.16,0.10731287707390641,0.0,0.8,459.0190002918246,147.85,222.79199999999997,87.709,10.417,5.0,6.4
2014-03-25,AS14.16,0.08716623124390796,0.6,0.6,1013.4389998912809,260.70799999999997,365.541,211.641,21.061,1.0,6.0
2014-03-26,AS14.16,0.09062499999999994,0.2,0.25,2525.9130001068124,75.12,284.599,346.408,16.726333333333333,1.0,5.6
2014-03-28,AS14.16,0.08746898327453533,-0.75,0.75,519.1339998245237,119.651,398.041,229.74450000000002,12.391666666666667,2.5,6.5
2014-03-29,AS14.16,0.2525042601225439,-0.5,0.5,410.1199998855591,133.275,155.08599999999998,113.08099999999999,8.057,4.0,6.0
2014-03-31,AS14.16,0.13474030795602568,-0.25,0.3333333333333333,73.79699993133555,12.349,53.071,77.726,8.153,10.0,6.0
2014-04-03,AS14.16,0.012361111111111111,-0.5,0.3333333333333333,138.8190000057221,41.036,289.19,42.371,17.155,5.5,6.25
2014-04-05,AS14.16,0.08748917748917752,0.0,1.0,202.36500000953663,99.01,239.666,162.127,15.072,1.0,7.0
2014-04-07,AS14.16,0.0864168979340117,-0.2,1.0,2214.007000207897,222.0,408.015,216.554,15.102,1.0,7.0
2014-04-10,AS14.16,0.1293886382716278,0.2,1.0,1089.7160003185272,156.923,331.167,586.088,15.132,4.0,6.6
2014-04-11,AS14.16,0.03957364341085266,1.0,1.0,358.88299965858437,99.94,421.32800000000003,109.692,5.014,4.0,7.0
2014-04-12,AS14.16,0.0,1.25,1.0,19.430999994278,19.42,212.169,78.0075,5.5329999999999995,4.0,7.0
2014-04-13,AS14.16,0.0454545454545455,0.0,0.5,112.32100009918217,56.887,3.01,46.323,6.052,3.0,6.4
2014-04-14,AS14.16,0.0341435185185185,0.8,1.0,202.43700027465812,171.961,81.96900000000001,5.708,8.078,4.0,7.0
2014-04-15,AS14.16,0.05,0.6,0.5,4.1340000629425,121.88600000000001,53.147999999999996,35.166,10.104,3.0,6.6
2014-04-16,AS14.16,0.13797664519172403,1.25,1.0,705.4270007610322,284.669,317.696,90.522,12.13,6.0,7.25
2014-04-17,AS14.16,0.14644478187042836,-0.6,1.0,445.70899987220764,161.39600000000002,154.33100000000002,116.54899999999999,13.199,3.0,7.0
2014-04-19,AS14.16,0.1840579710144928,1.6,1.0,543.558333158493,228.82833333333332,263.31600000000003,109.64766666666667,13.497,3.0,7.2
2014-04-20,AS14.16,0.0,1.3333333333333333,1.0,641.4076664447783,296.2606666666667,372.30100000000004,102.74633333333333,13.795,1.0,7.0
2014-04-21,AS14.16,0.009197324414715692,1.0,1.0,739.2569997310637,363.693,481.286,95.845,14.093,1.0,7.25
2014-04-22,AS14.16,0.05494394283401094,0.8,0.8,908.7909989356988,168.06,741.198,305.138,13.568999999999999,1.0,6.6
2014-04-23,AS14.16,0.08201415701415696,0.75,1.0,1298.7449998855593,316.14,827.589,157.954,13.045,5.0,7.25
2014-04-27,AS14.16,0.12176700111482719,-0.2,1.0,268.6699995994569,80.749,187.691,101.905,9.033999999999999,2.0,7.2
2014-04-30,AS14.16,0.03966646529954715,0.4,1.0,736.7540004253391,25.777,431.959,45.855999999999995,5.023,3.0,7.0
2014-05-01,AS14.16,0.1044532627865961,0.0,1.0,125.5750000476836,106.30199999999999,19.105,475.2345,5.023,9.0,7.0
2014-05-05,AS14.16,0.012931034482758626,1.5,1.0,950.9159996509547,46.171,19.105,904.613,5.023,9.0,7.333333333333333
2014-03-20,AS14.17,0.04230288377845706,0.8333333333333333,0.8333333333333333,1630.727999687195,132.624,456.231,1187.441,111.485,3.333333333333333,7.5
2014-03-24,AS14.17,0.16940873829279451,0.6666666666666666,0.6666666666666666,11954.341000080114,889.64,2423.759,1997.04,768.4519999999999,4.0,7.0
2014-03-25,AS14.17,0.06202266865015754,0.5,1.0,3498.11699962616,129.32,1289.057,3434.919,36.966,3.0,7.5
2014-03-26,AS14.17,0.06853709704220674,0.2,0.8,7079.621001482016,604.579,1706.992,4539.224,198.37,2.0,7.2
2014-03-27,AS14.17,0.0906331678707439,0.4,0.6,5825.132001399993,663.981,4890.151,3536.904,308.37899999999996,5.5,7.2
2014-03-29,AS14.17,0.2092882156846513,0.6,0.6,5742.628001689911,591.76,1405.81,4234.512000000001,240.601,9.0,6.8
2014-03-30,AS14.17,0.008333333333333331,1.0,1.0,591.5339996814731,112.634,306.951,112.483,92.064,7.5,8.0
2014-04-05,AS14.17,0.18913979786829993,0.2,1.0,4252.756000757217,242.99699999999999,1812.734,1177.568,59.209,6.0,7.0
2014-04-06,AS14.17,0.03688805922779405,0.25,1.25,3759.11199951172,147.799,670.513,2361.835,101.225,1.0,7.25
2014-04-07,AS14.17,0.04899951284861772,1.0,1.0,8653.17100048065,167.162,935.613,2395.666,23.193,1.0,7.0
2014-04-11,AS14.17,0.20737365024236556,0.4,1.0,3660.4830000400552,1072.689,495.892,2389.24,238.032,1.0,7.2
2014-04-12,AS14.17,0.16595320188693283,0.4,1.0,4691.583999395372,1124.295,1120.9270000000001,2786.078,39.147999999999996,1.0,7.2
2014-04-13,AS14.17,0.0756640189523358,-0.2,1.0,7935.848999738693,606.384,1391.323,5694.612,281.201,1.0,7.2
2014-04-14,AS14.17,0.0851143385464617,0.8,1.0,1618.4909994602208,459.03,379.326,468.41999999999996,320.876,1.0,7.0
2014-04-16,AS14.17,0.11137417839840907,0.8,1.0,6143.1280026435825,685.23,3554.094,1841.583,271.111,3.0,7.2
2014-04-17,AS14.17,0.11615087487091101,0.4,1.0,4463.335999727246,366.358,1653.319,2735.015,48.392,2.0,7.0
2014-04-18,AS14.17,0.18855451998494854,1.0,1.0,3577.131999731066,147.635,1356.686,2076.614,38.205999999999996,1.0,7.0
2014-04-19,AS14.17,0.16723933497618126,1.0,1.0,1341.7960014343253,52.388000000000005,979.826,265.539,43.589,1.0,7.0
2014-04-20,AS14.17,0.12116526023672414,0.4,1.0,9982.987000226967,415.239,3841.098,4927.5509999999995,826.5219999999999,1.0,7.2
2014-04-21,AS14.17,0.0881963953222814,0.4,1.0,2261.7730002403264,126.5,3363.066,740.944,83.85900000000001,1.0,7.4
2014-04-22,AS14.17,0.05062149859943974,0.6,1.0,8438.16700053215,384.681,4934.477,3589.428,118.534,2.0,6.6
2014-04-23,AS14.17,0.07183591337438762,1.0,1.0,9992.209000825887,681.899,3622.032,3494.9210000000003,513.624,1.0,7.25
2014-04-26,AS14.17,0.1868376213455872,1.0,1.0,1809.505997896195,716.086,2689.61,124.621,55.55799999999999,1.0,8.0
2014-05-01,AS14.17,0.08234652506199255,1.0,1.0,6613.078999757765,270.614,920.841,5455.389,23.091,1.0,8.0
2014-05-04,AS14.17,0.014882726356802151,1.0,1.0,6085.923000812531,316.415,1980.6179999999997,188.853,26.455,1.0,7.75
2014-05-05,AS14.17,0.12082519677085117,1.0,1.0,2093.7509994506836,85.5,921.79,787.1379999999999,298.739,1.0,7.5
2014-03-24,AS14.19,0.11388944606136413,-0.4,0.4,2143.2990009784703,384.557,3434.444,26.125,53.411,5.0,6.0
2014-03-26,AS14.19,0.10891482612696546,-0.6,0.4,4413.39799952507,911.1129999999999,3308.547,139.746,51.538,6.0,6.0
2014-03-28,AS14.19,0.14887226502146783,-0.6,1.2,2731.158999204635,851.371,1221.546,589.1289999999999,67.714,9.0,6.6
2014-03-31,AS14.19,0.130120999549245,-0.4,1.0,6191.571999549862,857.534,5208.941,318.42299999999994,282.884,7.0,7.2
2014-04-02,AS14.19,0.07716355485107416,-0.2,1.0,1855.2750003337858,585.067,1181.837,47.717,41.193,3.0,7.6
2014-04-03,AS14.19,0.07307714752567694,0.0,0.6,3131.0230004787445,654.474,2433.116,231.03450000000004,42.374,2.0,6.6
2014-04-05,AS14.19,0.13595576600004902,-0.6,1.2,2214.1240007877354,643.2819999999999,1089.559,414.35200000000003,65.382,11.0,8.0
2014-04-06,AS14.19,0.09422410643417789,-1.25,1.0,2472.241999864578,764.085,1658.215,314.466,49.277,9.0,7.25
2014-04-07,AS14.19,0.18343492913073647,-1.0,0.6,3835.042002439499,1506.19,2995.572,214.58,63.583,11.0,6.6
2014-04-09,AS14.19,0.11756512889589066,-0.4,0.8,3051.9820015430446,522.515,2467.1059999999998,138.02100000000002,60.629,9.0,7.2
2014-04-11,AS14.19,0.1110938994618982,-0.6,1.0,2774.8020012378697,1001.966,1665.238,61.461999999999996,42.442,6.0,6.8
2014-04-12,AS14.19,0.06605497341205051,0.2,0.8,1843.591999769212,728.336,978.22,389.025,45.462,6.0,7.2
2014-04-13,AS14.19,0.11367449436267445,-0.6,1.0,1506.4069986343386,336.936,879.515,226.876,61.584,6.0,7.2
2014-04-17,AS14.19,0.1014676704014939,-0.8,1.0,4765.971998453143,167.766,5377.631,97.947,47.519999999999996,1.0,6.8
2014-04-18,AS14.19,0.06493055555555556,-1.0,1.0,3308.5030000209813,148.654,3381.738,229.132,43.347,4.0,6.8
2014-04-19,AS14.19,0.11031735913804186,-0.4,0.8,1113.8729996681213,285.445,762.97,323.904,65.221,6.0,6.8
2014-04-20,AS14.19,0.10195700631156769,0.2,1.2,1732.9319996833808,917.671,697.55,76.214,41.698,4.0,7.6
2014-04-22,AS14.19,0.13701083958092172,0.6,1.2,4882.6779997348785,619.441,4304.149,25.469,50.736000000000004,7.0,6.8
2014-04-23,AS14.19,0.11064682679520278,-1.0,1.0,3101.1779999732976,357.817,3800.127,193.167,56.45,5.0,6.0
2014-04-25,AS14.19,0.07677511149518858,-0.75,0.75,2672.424998760224,951.5989999999999,2386.683,805.2470000000001,46.821999999999996,6.0,7.25
2014-04-27,AS14.19,0.04486664230909752,-1.5,0.8333333333333334,3028.6259999275203,593.827,2522.391,396.19,345.452,4.0,6.333333333333333
2014-04-28,AS14.19,0.10377999025697233,0.0,0.6,2972.204998731613,475.858,4132.418,599.376,118.503,4.0,6.4
2014-04-29,AS14.19,0.02568243249036055,0.4,0.6,2259.0499985218044,1142.153,1719.707,173.306,46.359,6.0,7.2
2014-04-30,AS14.19,0.04454670107302971,0.4,0.8,3133.3029992580414,852.516,1851.818,376.115,51.309,12.0,7.0
2014-05-01,AS14.19,0.12626491862973474,-0.2,0.8,3142.984999418261,545.44,2211.815,334.998,50.44499999999999,2.0,6.8
2014-05-02,AS14.19,0.19230524793625595,0.4,1.2,1432.8610005378728,943.426,975.397,334.998,78.73,9.0,7.8
2014-05-05,AS14.19,0.0,0.25,1.0,6.10800004005432,943.426,6.098,334.998,78.73,9.0,7.0
2014-03-23,AS14.20,0.04320987654320987,0.8,0.8,691.3710000514973,46.412000000000006,657.611,48.255,87.939,1.0,7.6
2014-03-24,AS14.20,0.03333333333333333,-0.2,0.4,2392.9479994773897,115.908,766.497,837.075,968.708,1.0,6.8
2014-03-27,AS14.20,0.05700000000000001,0.25,0.75,1263.7210004329686,228.70999999999998,115.054,919.769,488.3675,2.0,7.0
2014-03-28,AS14.20,0.02380952380952381,0.5,0.0,460.5519998073581,408.747,133.34900000000002,925.8723333333334,8.027,3.0,6.25
2014-03-31,AS14.20,0.0125,0.8,0.8,20.71399974822997,459.745,20.709,931.9756666666666,59.789500000000004,4.0,7.0
2014-04-02,AS14.20,0.06712962962962966,0.0,0.25,2276.728000640871,510.743,715.668,938.079,111.552,2.5,6.5
2014-04-03,AS14.20,0.05502297410192151,0.3333333333333333,0.3333333333333333,54.6529998779297,43.258,738.7439999999999,962.1569999999999,11.387,1.0,6.666666666666667
2014-04-04,AS14.20,0.01574074074074075,0.75,0.5,2065.8469989299774,275.829,761.8199999999999,986.235,41.504,1.5,7.0
2014-04-05,AS14.20,0.09056023599628252,0.4,0.8,807.5760002136229,108.75399999999999,94.521,450.062,153.89600000000002,2.0,7.0
2014-04-07,AS14.20,0.029011707988980725,0.6,1.0,290.2020001411439,73.935,882.912,1182.815,105.94233333333335,1.0,6.8
2014-04-08,AS14.20,0.003367003367003367,0.5,0.75,601.9649999141694,66.224,772.4055000000001,535.741,57.988666666666674,2.0,7.25
2014-04-10,AS14.20,0.02183641975308642,0.5,0.5,1213.406999826432,86.771,661.899,454.50100000000003,10.035,1.0,7.0
2014-04-11,AS14.20,0.05509259259259256,0.5,0.75,169.1849999427795,55.402,72.345,512.088,41.273,2.0,7.5
2014-04-13,AS14.20,0.0,0.0,0.6,5.01699995994568,12.451,188.6906666666667,569.675,32.230000000000004,2.0,6.8
2014-04-14,AS14.20,0.005,0.0,0.2,352.3744999170304,58.342499999999994,305.03633333333335,364.6765,23.187,2.0,6.8
2014-04-15,AS14.20,0.10694444444444444,0.0,0.6,699.7319998741151,104.234,421.382,159.678,14.144,1.5,6.8
2014-04-16,AS14.20,0.004629629629629634,0.4,0.6,11.29800009727478,205.4525,448.78049999999996,520.972,11.276,1.0,7.2
2014-04-17,AS14.20,0.014580010632642209,-0.4,0.4,1704.4969999790194,306.671,476.179,882.266,39.18,1.0,6.4
2014-04-18,AS14.20,0.006430041152263367,0.0,0.5,93.54699969291683,78.833,339.2685,14.633,25.615000000000002,1.0,6.75
2014-04-23,AS14.20,0.05416666666666672,-0.3333333333333333,0.3333333333333333,317.956999540329,8.155999999999999,202.358,95.215,12.05,1.0,7.0
2014-04-25,AS14.20,0.04379330553481039,0.5,0.25,707.3170003890989,192.424,488.702,82.07,46.597,2.0,7.0
2014-04-26,AS14.20,0.046111111111111096,0.5,0.75,1290.6129994392386,113.58,594.009,582.689,72.1965,1.0,7.0
2014-04-27,AS14.20,0.01789285714285714,0.0,0.0,1501.0290005207064,132.168,337.639,932.73,97.79599999999999,1.0,6.8
2014-04-28,AS14.20,0.05668667466986795,0.0,0.2,2972.6559991836543,249.593,1130.865,1160.419,46.019999999999996,1.0,6.8
2014-04-29,AS14.20,0.0034722222222222337,0.25,0.75,419.503999948502,163.942,105.477,149.923,46.019999999999996,1.0,7.25
2014-04-30,AS14.20,0.0034722222222222337,0.2,0.6,419.503999948502,163.942,105.477,149.923,46.019999999999996,1.0,7.0
2014-05-01,AS14.20,0.0034722222222222337,0.2,0.4,419.503999948502,163.942,105.477,149.923,46.019999999999996,1.0,7.0
2014-05-02,AS14.20,0.0034722222222222337,0.2,0.2,419.503999948502,163.942,105.477,149.923,46.019999999999996,1.0,7.2
2014-05-03,AS14.20,0.0034722222222222337,0.0,0.5,419.503999948502,163.942,105.477,149.923,46.019999999999996,1.0,6.75
2014-05-04,AS14.20,0.0034722222222222337,0.0,0.6666666666666666,419.503999948502,163.942,105.477,149.923,46.019999999999996,1.0,7.333333333333333
2014-05-05,AS14.20,0.0034722222222222337,0.0,0.0,419.503999948502,163.942,105.477,149.923,46.019999999999996,1.0,7.0
2014-03-30,AS14.23,0.4181943516042781,0.0,1.2,7674.735999107361,782.505,2910.908,3472.0469999999996,531.197,1.0,7.0
2014-03-31,AS14.23,0.383014657192235,-0.25,1.5,15913.595998764033,2354.496,8950.417,4633.514999999999,138.193,1.0,7.5
2014-04-05,AS14.23,0.3916318101453476,0.75,1.0,6510.4589993953705,493.636,5175.9800000000005,721.164,183.88,1.0,6.5
2014-04-09,AS14.23,0.381734291349676,-0.4,1.2,9193.630001068115,326.126,7386.368,1380.0049999999999,99.89399999999999,1.0,7.2
2014-04-12,AS14.23,0.3283472785449071,-0.25,1.0,6615.891999483104,210.005,3272.365,2450.643,604.0519999999999,1.0,7.75
2014-04-13,AS14.23,0.36259920634920634,0.6,1.0,7623.857996940613,514.242,4048.432,2762.286,291.48,1.0,7.2
2014-04-15,AS14.23,0.3192870679730575,0.0,1.0,9824.825997829437,2947.03,4146.798,2038.1360000000002,627.63,1.0,7.25
2014-04-16,AS14.23,0.3784666077105748,0.0,1.0,10167.08800029755,935.236,3774.469,5000.048999999999,456.18600000000004,2.0,7.4
2014-04-17,AS14.23,0.479780409353968,1.0,1.4,12462.838999986649,1454.2830000000001,7747.834,2812.094,728.799,2.0,7.4
2014-04-19,AS14.23,0.34415584415584416,0.0,1.0,2376.009999752044,173.949,1734.427,138.671,344.13000000000005,2.0,7.75
2014-04-21,AS14.23,0.4115224636722278,-0.4,1.0,7331.516999483108,104.449,6126.238,641.9780000000001,195.871,2.0,7.2
2014-04-26,AS14.23,0.4048643023643024,-0.5,1.0,6491.557001829147,752.112,5053.181,468.27799999999996,216.84000000000003,2.0,7.5
2014-04-27,AS14.23,0.3673707506660292,-0.2,1.0,12532.979995727534,1780.652,7875.276,1026.165,747.83,3.0,7.0
2014-04-29,AS14.23,0.3735173556602128,-0.2,1.2,7028.152000427247,800.724,3311.837,2373.736,114.824,2.0,7.4
2014-05-02,AS14.23,0.3977781266309966,-0.2,1.2,8933.061000585558,610.815,4481.607,3573.019,288.995,2.0,7.4
2014-04-16,AS14.24,0.09886498874313249,-0.4,0.25,4514.380000114438,849.887,2702.527,155.06,190.14,8.0,7.4
2014-04-22,AS14.24,0.07665932952304443,0.4,0.8,3076.0670008659367,931.861,1811.021,328.802,59.379000000000005,3.0,7.2
2014-04-23,AS14.24,0.038353214849158025,-0.25,1.0,1905.5060000419626,465.882,1097.172,246.926,49.063,3.0,7.5
2014-04-27,AS14.24,0.0659523518195497,-1.0,0.75,1103.4109995365138,397.266,1253.76,106.36699999999999,33.698,4.5,7.0
2014-04-28,AS14.24,0.06401814523536081,0.4,0.6,6149.630000352859,1659.46,3933.48,394.736,75.996,6.0,6.8
2014-04-29,AS14.24,0.05080621402077293,1.25,0.0,4964.636000633241,1107.387,3795.142,98.464,64.44800000000001,6.0,6.0
2014-04-30,AS14.24,0.1521727653179764,0.0,0.6666666666666666,7848.391000509262,2864.059,3758.786,429.531,67.185,7.0,6.333333333333333
2014-05-01,AS14.24,0.11590702540083282,-0.8,1.0,4160.105999946595,1766.575,1161.251,386.353,49.323,5.5,7.4
2014-05-02,AS14.24,0.0742442660108813,-1.0,1.0,2124.881000280379,677.594,553.344,559.8589999999999,56.391999999999996,4.0,7.0
2014-05-05,AS14.24,0.09047478797787512,-0.6666666666666666,0.3333333333333333,3596.7060000896445,470.455,2541.14,325.121,193.118,2.5,6.0
2014-05-06,AS14.24,0.16337143074539964,0.16666666666666663,0.5416666666666666,3243.6309988498692,2169.748,1259.555,126.69800000000001,179.859,1.0,6.5
2014-05-07,AS14.24,0.0135513811833725,1.0,0.75,5929.435001611706,1133.381,3170.1220000000003,128.63,95.163,1.5,7.0
2014-05-09,AS14.24,0.08377318187886475,-1.0,1.0,3467.677999973296,867.252,2293.462,208.114,98.035,2.0,7.4
2014-05-11,AS14.24,0.045328177940040626,-1.0,1.0,2923.7169988155356,2491.643,1630.876,22.641,61.95,2.0,7.25
2014-05-13,AS14.24,0.05427813780879583,-0.25,0.75,5407.47499895096,1634.315,3263.034,232.983,70.547,2.0,7.5
2014-05-16,AS14.24,0.021811648278146994,0.0,1.0,4695.734002113343,717.025,1739.334,575.758,51.441,3.0,7.0
2014-05-17,AS14.24,0.03005230340723861,-0.4,1.0,5039.252000570299,2311.96,3430.633,252.347,65.505,1.0,7.6
2014-05-18,AS14.24,0.0267361111111111,-0.2,0.6,5945.024000883101,1312.8509999999999,4030.859,234.956,57.466,6.0,7.2
2014-05-19,AS14.24,0.007986111111111112,0.25,0.75,2916.736999988555,557.235,1889.453,403.153,65.623,2.0,7.4
2014-05-20,AS14.24,0.044508877931337835,0.0,1.0,2971.6399996280675,1065.035,1458.8229999999999,395.141,31.352999999999998,6.0,7.0
2014-05-21,AS14.24,0.05104166666666671,0.2,0.4,2280.1799991130824,927.4639999999999,1214.94,59.84,76.88000000000001,2.0,6.2
2014-05-22,AS14.24,0.04213643790849669,0.6,0.8,2992.2909994125357,876.145,2184.172,36.48500000000001,73.486,3.0,6.6
2014-05-23,AS14.24,0.01122966950795965,-0.2,0.6,3744.269999742504,857.5360000000001,1365.385,755.758,84.75399999999999,1.0,6.8
2014-05-24,AS14.24,0.011447603234842322,0.0,0.8,1551.6969993114476,322.092,754.465,142.219,68.185,2.0,7.2
2014-05-25,AS14.24,0.04596280602636538,0.25,1.0,6859.7470002174405,1230.517,875.823,19.062,48.402,3.0,7.0
2014-05-26,AS14.24,0.002735433604336042,0.8,1.0,2361.5380012989044,565.979,1536.6299999999999,137.684,61.729,2.0,7.0
2014-05-27,AS14.24,0.06439944767151783,0.5,0.6666666666666666,3875.860000848767,1172.075,1462.263,200.744,55.154,4.0,6.2
2014-05-29,AS14.24,0.01857181693744216,-0.4,0.8,4196.082999229432,2042.371,2922.165,197.067,50.695,8.0,7.0
2014-05-30,AS14.24,0.03568424788578981,0.2,1.2,5724.525001287459,807.116,3738.605,252.197,50.230000000000004,12.0,7.4
2014-06-01,AS14.24,0.047362751785379936,-1.0,0.6666666666666666,5012.92099881172,1593.29,2309.314,759.968,81.069,5.0,6.833333333333333
2014-06-02,AS14.24,0.03904773900723554,0.3333333333333333,1.0,4468.588999986648,946.746,2473.986,1007.9189999999999,55.3,1.0,6.75
2014-06-04,AS14.24,0.046384854695459055,0.5,1.0,5223.861999511719,704.66,4459.023,68.938,38.774,2.0,7.0
2014-06-05,AS14.24,0.15234272166247978,0.0,1.0,2371.5889992713933,1749.277,958.821,171.964,273.09700000000004,11.0,7.0
2014-06-08,AS14.24,0.07951018024032033,-1.5,1.0,1131.197999477387,351.389,375.515,190.76,18.069000000000003,11.0,6.5
2014-04-09,AS14.25,0.10126488095238097,0.0,0.2,9829.376000642776,1737.845,3686.9539999999997,3846.64,557.4190000000001,11.0,7.4
2014-04-10,AS14.25,0.14313397233893554,0.25,0.5,6600.758999347689,2422.842,3068.87,2212.8050000000003,431.507,1.0,6.5
2014-04-12,AS14.25,0.04455739111590672,-0.2,0.6,1214.8420004844672,920.293,270.11,882.971,82.652,4.0,7.0
2014-04-13,AS14.25,0.038610440461819405,-0.4,0.4,5777.400000095364,654.644,4003.095,976.671,143.301,4.0,6.6
2014-04-14,AS14.25,0.09109605531851885,0.6,0.2,7802.634999036788,1398.889,5374.877,888.2510000000001,139.773,8.0,6.4
2014-04-15,AS14.25,0.08074791762574517,-0.25,0.0,4465.848001956941,1238.695,2643.3450000000003,248.51,335.206,3.0,6.5
2014-04-16,AS14.25,0.10531602561905302,0.2,0.6,7550.633999586106,1166.368,5329.13,743.7719999999999,310.522,9.0,7.2
2014-04-20,AS14.25,0.027631578947368413,0.0,0.0,6041.11500096321,1530.109,3986.515,307.041,215.918,3.0,6.8
2014-04-23,AS14.25,0.07593836088154272,-0.5,0.0,8629.494999408722,1844.472,4852.758,1834.8220000000001,150.54500000000002,8.0,6.5
2014-04-26,AS14.25,0.17103565997282577,0.5,1.0,7433.591000080109,1286.266,3882.575,2552.732,64.717,6.0,7.0
2014-04-27,AS14.25,0.02219573355936992,0.0,0.8,3357.7690005302425,496.572,2359.354,443.039,154.233,1.0,7.4
2014-04-29,AS14.25,0.0829631542699724,-1.2,-0.6,10994.999999523161,2111.729,7283.2390000000005,1752.132,321.978,20.0,6.0
2014-05-02,AS14.25,0.13760964912280704,-0.75,0.0,6310.169000387191,2008.442,4310.322,443.438,552.2639999999999,13.0,6.5
2014-05-05,AS14.25,0.07168479421153216,-1.0,0.0,7311.23100042343,1496.49,5100.812,615.8620000000001,52.491,9.0,6.666666666666667
2014-05-08,AS14.25,0.05208333333333331,0.0,0.5,2924.5859992504124,822.101,1095.098,1069.4319999999998,243.69299999999998,9.0,7.0
2014-04-14,AS14.26,0.0650244499509205,0.4,0.4,6125.109999895095,1143.794,1084.797,3797.39,96.74799999999999,2.0,7.4
2014-04-15,AS14.26,0.10020306145056895,0.2,0.4,8624.151998758316,2653.229,612.097,5534.345,57.402,4.0,6.8
2014-04-17,AS14.26,0.08151591851429837,0.0,-0.2,6102.27800059318,1579.401,2294.683,2635.341,150.14,3.5,6.0
2014-04-21,AS14.26,0.0939812012375572,-0.2,0.0,7717.239000558854,840.72,2112.142,4738.023999999999,64.539,3.0,6.4
2014-04-22,AS14.26,0.10722584231432682,0.5,1.0,7584.154001951219,6568.861,2633.366,2340.111,54.479,2.5,7.25
2014-04-23,AS14.26,0.0960912896231939,0.2,0.2,6572.150000572207,1518.024,1454.579,3520.72,74.042,2.0,6.2
2014-04-24,AS14.26,0.07687226020351642,0.0,-0.4,7454.101000785833,7303.616,3682.128,2521.1290000000004,383.676,2.0,5.8
2014-04-27,AS14.26,0.07877714894532083,0.8,0.8,2349.394000530243,681.359,534.269,951.584,180.22,6.0,7.8
2014-04-28,AS14.26,0.1600140056022409,1.0,1.0,5659.507998466491,670.424,2553.024,2364.1730000000002,68.87,4.0,8.0
2014-04-29,AS14.26,0.09745980313029162,0.6,0.4,4524.966001987458,1348.764,1083.662,2277.5350000000003,118.06700000000001,4.333333333333333,6.6
2014-04-30,AS14.26,0.0840277777777778,-0.2,0.2,7556.27299928665,1069.0529999999999,4156.633,2281.1130000000003,45.78,4.666666666666667,6.2
2014-05-01,AS14.26,0.11682422969187674,0.0,0.4,5536.597999811174,2948.324,1135.013,1767.848,35.331,5.0,6.8
2014-05-02,AS14.26,0.14302874533992213,0.2,0.8,4744.676000833512,733.0600000000001,1681.137,2489.116,559.147,4.0,7.2
2014-05-03,AS14.26,0.04645748206553563,0.0,0.8,3909.7510013580336,1215.653,1089.118,3541.1929999999998,45.589,3.0,7.8
2014-05-04,AS14.26,0.017517786099947207,-0.2,0.4,4421.8309996128055,418.308,382.45799999999997,3563.736,56.358999999999995,3.0,7.4
2014-05-05,AS14.26,0.0992824107043948,0.25,0.25,4018.6030004024515,884.458,551.786,2549.964,30.448999999999998,3.0,6.5
2014-05-06,AS14.26,0.05014124293785314,0.125,0.325,6861.393000602727,890.806,475.491,5392.888,114.715,2.0,6.65
2014-05-07,AS14.26,0.09131503050995511,0.0,0.4,2567.5279998779292,667.753,454.49899999999997,1409.0810000000001,34.497,2.0,6.8
2014-05-10,AS14.26,0.07102007469654532,0.6,1.0,5994.585999965667,1005.739,1520.231,3441.3120000000004,132.385,8.0,8.0
2014-05-11,AS14.26,0.07330473856209153,0.4,0.0,5422.554000616074,3459.921,2786.466,1270.945,134.183,6.0,6.2
2014-05-12,AS14.26,0.015353740366202982,0.0,0.4,8348.150000572206,3240.608,3746.153,3195.958,178.364,5.0,6.4
2014-05-13,AS14.26,0.12987183524450582,0.4,0.6,7440.5710003376,5164.12,2319.525,2319.8160000000003,35.704,4.0,7.0
2014-05-14,AS14.26,0.09249834820934023,0.0,0.0,4245.375999689102,3550.947,2376.884,1195.99,33.237,3.0,6.0
2014-05-16,AS14.26,0.10708657905748699,0.6,0.8,9174.194000244137,2902.587,4533.666,2970.029,63.509,2.0,7.4
2014-05-17,AS14.26,0.1334267040149393,0.5,0.5,4837.187000989915,1027.73,1690.919,2452.545,94.064,3.0,7.4
2014-05-19,AS14.26,0.07498041589517161,-0.4,1.0,5976.551000118251,665.474,1663.259,3599.0530000000003,46.23,2.0,7.4
2014-05-21,AS14.26,0.12877008854389213,0.2,0.8,4179.688000440596,680.776,1597.778,1848.7920000000001,49.708999999999996,5.0,7.0
2014-05-22,AS14.26,0.14347572362278238,-0.2,0.4,7370.643998384478,2613.795,2025.722,2743.031,62.759,1.0,6.6
2014-05-23,AS14.26,0.10403460297162344,0.2,0.0,5323.31600022316,2374.9500000000003,2416.018,1301.814,90.80600000000001,2.0,6.2
2014-05-25,AS14.26,0.129498162259254,-0.5,1.0,8241.523998737339,3005.024,2490.478,2839.495,112.006,1.0,8.0
2014-05-26,AS14.26,0.05465389326822173,0.2,1.0,7007.025999307634,1379.55,2083.561,3422.422,154.267,2.0,7.2
2014-05-27,AS14.26,0.027135701676887915,0.0,-0.2,8511.273000478746,3702.966,2992.702,4202.745,242.95499999999998,2.0,5.8
2014-05-29,AS14.26,0.0285714285714286,0.0,0.8,194.84099984169004,21.747,150.448,4202.745,7.0489999999999995,2.0,7.4
2014-05-30,AS14.26,0.0285714285714286,-0.4,0.0,194.84099984169004,21.747,150.448,4202.745,7.0489999999999995,2.0,6.4
2014-04-06,AS14.27,0.08090277777777777,-1.0,0.2,4060.829999446868,968.426,2075.192,1189.5610000000001,204.97,5.0,7.0
2014-04-07,AS14.27,0.08437499999999999,1.0,0.8,4268.787998676306,690.937,2670.446,778.2270000000001,128.324,4.5,7.6
2014-04-10,AS14.27,0.12499999999999999,-0.2,0.4,3914.550999641418,1097.353,1929.759,989.875,195.01899999999998,4.0,7.4
2014-04-14,AS14.27,0.08090277777777778,-0.8,0.8,1172.436998605728,472.518,497.53700000000003,109.22900000000001,92.57300000000001,4.666666666666667,7.6
2014-04-15,AS14.27,0.09026916896235078,-0.6,0.6,4384.615999937057,746.26,2107.479,1231.4560000000001,381.646,5.333333333333333,7.2
2014-04-18,AS14.27,0.11597222222222221,0.0,1.4,2629.149000167847,765.478,1006.0500000000001,594.425,262.02099999999996,6.0,8.6
2014-04-19,AS14.27,0.054989495798319334,-0.25,0.5,3839.7219984531407,502.782,3045.963,1800.693,82.523,4.0,7.5
2014-04-21,AS14.27,0.07812500000000007,0.0,0.2,3559.2100002765646,617.795,1638.866,949.0709999999999,355.298,2.0,6.8
2014-04-23,AS14.27,0.07138142791551878,0.0,0.8,2928.1900000572195,475.262,1228.441,1080.509,143.44299999999998,1.0,8.0
2014-04-24,AS14.27,0.08724323062558355,0.6,0.6,3963.4879989624023,1329.649,1758.474,762.292,410.02,6.0,7.6
2014-04-29,AS14.27,0.08749999999999998,-1.2,0.4,3786.9740011692056,819.055,940.728,1925.3899999999999,100.953,3.0,7.2
2014-05-01,AS14.27,0.11239224137931031,0.4,0.8,4822.044000625611,927.537,2234.236,1291.958,367.248,1.0,7.6
2014-05-02,AS14.27,0.11944444444444446,-1.0,0.6,3539.5789985656747,817.761,1838.68,791.028,91.004,1.0,7.2
2014-05-03,AS14.27,0.090625,1.2,0.0,4976.420998811722,812.469,3407.8849999999998,484.907,265.255,2.0,6.4
2014-05-05,AS14.27,0.16432475726422502,0.0,0.6666666666666666,6067.894998550414,1198.807,2571.92,1296.8159999999998,29.505000000000003,1.5,7.666666666666667
2014-05-06,AS14.27,0.09791666666666664,0.3,0.7333333333333334,4865.127001285554,808.828,3622.312,426.62500000000006,6.064,1.0,7.733333333333333
2014-05-07,AS14.27,0.10194033299050513,0.6,0.8,3210.024999856947,1373.641,1971.669,150.39799999999997,49.686,7.0,7.8
2014-05-08,AS14.27,0.07134818007662837,0.6,0.2,4071.9699997901935,650.085,2697.733,680.188,45.333,1.0,7.0
2014-05-09,AS14.27,0.09930555555555554,1.2,-0.2,5272.585998058319,1550.067,2408.672,1239.0020000000002,73.845,9.0,6.4
2014-05-10,AS14.27,0.10075431034482758,0.6,0.0,4957.294000148775,1188.42,2582.842,914.9850000000001,160.60899999999998,2.0,6.6
2014-05-12,AS14.27,0.10003591954022988,0.0,1.0,3443.1820023059845,723.066,1799.527,834.826,86.656,2.0,7.8
2014-05-13,AS14.27,0.07083333333333337,0.8,0.4,4063.5680000782004,1072.947,2083.405,858.887,47.344,6.0,6.8
2014-05-14,AS14.27,0.08833333333333336,1.0,0.75,2112.7540001869193,366.488,1257.21,464.58399999999995,24.139000000000003,6.0,7.5
2014-05-15,AS14.27,0.08833333333333336,1.5,0.5,2112.7540001869193,366.488,1257.21,464.58399999999995,24.139000000000003,6.0,7.0
2014-04-04,AS14.28,0.12490594575684995,-0.5,0.0,13760.366001367567,3474.372,5675.671,3464.7870000000003,575.135,3.0,5.75
2014-04-05,AS14.28,0.027859790738960884,-0.8,0.8,7930.456998109817,2074.759,1473.532,2863.8199999999997,647.5139999999999,2.75,7.6
2014-04-06,AS14.28,0.012253036714243604,-0.6,0.6,5941.962999582291,886.498,1031.141,3129.6400000000003,71.583,2.5,7.2
2014-04-08,AS14.28,0.09885041974956744,-0.2,1.0,7366.385003089905,5743.239,3201.299,2050.441,251.497,2.25,7.8
2014-04-13,AS14.28,0.04242497739525186,-0.6,0.75,9758.65600156784,1807.876,3783.596,3135.178,340.33000000000004,2.0,7.2
2014-04-14,AS14.28,0.10611959993778806,-1.0,0.5,10881.651001691815,5240.122,5093.312,2096.067,460.025,1.0,6.8
2014-04-17,AS14.28,0.10793741525463706,-0.5,0.75,9490.893999099726,2333.571,2112.354,4178.399,84.64,2.0,7.8
2014-04-19,AS14.28,0.020545114412761068,-0.5,0.3333333333333333,6235.212999582292,976.055,816.547,2328.45,1453.522,1.0,6.75
2014-04-20,AS14.28,0.03128380739640309,-0.4,1.0,5530.367001056671,821.747,172.10399999999998,2475.6549999999997,828.357,1.0,7.8
2014-04-21,AS14.28,0.07565666982961562,-0.25,1.0,4831.646000623702,1067.223,1165.481,1487.4759999999999,557.09,1.0,8.0
2014-04-23,AS14.28,0.09511485338064438,0.3333333333333333,1.0,9310.856999874117,4591.195,3049.582,2668.052,288.686,1.0,7.0
2014-04-25,AS14.28,0.13038495753560778,-0.2,1.0,4424.054999589917,3085.391,863.989,1759.971,220.534,1.2,7.0
2014-04-26,AS14.28,0.0330103700922375,0.0,1.0,4114.448999881744,779.335,558.98,2018.5249999999999,330.068,1.4,8.0
2014-04-29,AS14.28,0.0,-0.2,0.8,2742.3234997987747,9.48,24.046,1405.3004999999998,212.51049999999998,1.6,7.0
2014-04-30,AS14.28,0.030598256251653227,-0.2,0.2,1370.197999715805,212.455,380.809,792.0759999999999,94.953,1.8,6.2
2014-05-03,AS14.28,0.054198748079751564,0.0,1.0,7978.536000013354,3301.658,2420.192,2527.962,362.238,2.0,7.4
2014-05-04,AS14.28,0.029219101387488372,-0.4,0.6666666666666666,8414.128998994829,2362.658,1270.993,2440.352,1364.6989999999998,1.5,6.8
2014-05-06,AS14.28,0.07209549768692994,-0.2,0.20833333333333331,6754.850999116899,6114.802,2253.145,2017.0739999999998,164.805,1.0,6.566666666666666
2014-05-07,AS14.28,0.027966857841785986,0.0,-0.25,6894.3519999980945,2543.592,1530.495,2677.489,311.19199999999995,1.0,6.333333333333333
2014-05-08,AS14.28,0.03576887078168944,0.0,0.5,2669.583000421525,2596.097,1174.962,1389.454,26.128,1.0,6.5
2014-04-04,AS14.29,0.015126292203892644,-1.25,0.75,3967.0759987831116,13.521999999999998,826.706,2282.648,847.3399999999999,1.0,8.0
2014-04-05,AS14.29,0.14988214995833685,0.8,0.8,6806.078000307085,151.904,2457.589,3618.345,404.649,2.0,8.2
2014-04-06,AS14.29,0.11463534506164204,0.0,0.8,9531.902999639507,241.934,2141.965,7469.983,230.362,6.0,7.75
2014-04-07,AS14.29,0.19540927482103948,-0.6,0.2,11191.926000595093,266.639,2490.1130000000003,8171.031,234.98,4.75,7.2
2014-04-09,AS14.29,0.0684037452212791,0.4,0.4,5617.376000642778,234.855,3151.915,3793.648,63.623000000000005,3.5,7.6
2014-04-11,AS14.29,0.018978234747998615,0.2,0.6,6887.131999969485,26.098999999999997,2509.459,4288.546,60.33,2.25,7.2
2014-04-12,AS14.29,0.11546995747559541,1.0,0.75,2665.6599991321555,83.032,1837.533,538.7909999999999,204.76,1.0,8.25
2014-04-13,AS14.29,0.0749941178856907,0.0,0.6,11175.523998498913,382.147,2446.337,4414.42,242.389,1.0,8.2
2014-04-14,AS14.29,0.14115802099173552,-0.8,1.0,7842.806001186373,346.946,2033.1000000000001,6169.317,176.56,1.0,8.0
2014-04-15,AS14.29,0.19738316762908892,-0.5,1.0,9205.890996217726,109.163,4330.224,4764.376,76.42599999999999,1.0,8.25
2014-04-18,AS14.29,0.1547806052191322,-0.25,0.25,9005.241000413891,531.1370000000001,2845.558,6516.647,171.45100000000002,2.0,8.0
2014-04-20,AS14.29,0.008417145593869734,-0.5,0.75,3084.7110002040877,71.31099999999999,1014.836,1820.1390000000001,88.465,2.3333333333333335,7.5
2014-04-21,AS14.29,0.11076388888888888,0.0,0.4,3747.0190002918257,34.025,1234.593,2380.161,187.019,2.6666666666666665,7.2
2014-04-24,AS14.29,0.18661315132741277,0.2,1.0,9600.50600266457,417.582,3718.909,5322.086,602.66,3.0,7.8
2014-04-25,AS14.29,0.16510803391777293,0.0,0.75,3919.8140008449564,565.074,2368.221,790.211,270.85,1.0,7.5
2014-04-28,AS14.29,0.07879215708108615,-0.4,0.4,7495.863001108168,606.164,1864.196,4736.548000000001,510.99,2.0,7.0
2014-04-30,AS14.29,0.09121493415357158,-0.4,0.2,9185.733000040054,1098.17,3211.592,5010.753,111.86500000000001,3.0,7.8
2014-05-01,AS14.29,0.1318342937166134,0.0,0.4,6110.111998796463,335.771,4195.65,3291.799,35.15,3.0,7.6
2014-05-06,AS14.29,0.08994613655738976,0.2,0.7,14082.108999967575,159.45000000000002,2002.338,5412.326,2.007,3.0,7.699999999999999
2014-05-08,AS14.29,0.1176933021746805,0.4,1.0,9283.681003332138,177.727,4566.261,5111.718,33.965,3.0,7.8
2014-05-11,AS14.29,0.015175118928836287,-0.8,0.4,9004.832000255583,164.367,2730.7110000000002,5992.461,115.969,4.5,7.0
2014-05-12,AS14.29,0.14951704294124676,-0.2,0.8,13648.03100037575,772.9159999999999,6234.929,7228.576,65.545,6.0,7.6
2014-05-14,AS14.29,0.125,0.2,0.4,7.43600010871887,772.9159999999999,204.86499999999998,142.04399999999998,65.545,6.0,7.6
2014-03-25,AS14.30,0.1341467837134854,-0.2,1.0,15856.781001091002,1776.05,9165.199,5196.379,632.115,2.0,8.0
2014-03-29,AS14.30,0.13252437397512362,-1.4,1.0,17474.87200069427,745.626,9433.996,6901.641,168.032,2.0,8.4
2014-03-31,AS14.30,0.23451950855432138,-0.8,1.0,12971.811000347143,827.493,9438.066,2395.8089999999997,530.029,1.5,7.6
2014-04-03,AS14.30,0.12517288902232324,0.2,1.0,14459.533000946029,1513.555,3706.306,8564.825,994.268,1.0,8.0
2014-04-05,AS14.30,0.06754933662828402,-0.8,1.0,9363.129999160776,1053.051,1912.127,5812.437000000001,596.0759999999999,2.0,8.0
2014-04-06,AS14.30,0.09103816788494115,-1.2,1.0,10319.06200051308,1158.746,1913.004,6723.004,353.46000000000004,2.0,8.0
2014-04-07,AS14.30,0.12195215470654065,0.0,1.0,16311.262001037594,2029.616,9128.585000000001,4522.198,671.448,2.0,7.6
2014-04-10,AS14.30,0.1335532421561833,-1.0,1.0,11401.83500099182,728.171,3685.348,6430.306999999999,552.421,2.0,8.2
2014-04-13,AS14.30,0.07888284344373224,-1.6,1.0,10114.311999320982,908.502,1882.34,7224.682,260.859,1.0,7.2
2014-04-14,AS14.30,0.17082034310244312,-0.25,1.0,12149.335000276566,1174.509,5890.584,4877.8330000000005,224.123,1.0,7.75
2014-04-19,AS14.30,0.09985345888355919,-1.2,1.0,11295.799999713907,887.883,1809.449,7654.248000000001,334.54,1.0,7.8
2014-04-20,AS14.30,0.10913892761391042,-1.25,1.0,13949.232999563214,844.212,4961.331,6447.873,406.163,1.0,7.75
2014-04-23,AS14.30,0.09362551945885278,-1.4,1.0,10317.379000425331,702.796,4899.344,4897.950000000001,170.262,1.0,7.6
2014-04-25,AS14.30,0.14113887003386044,-1.0,1.0,14133.542001485817,2158.247,3796.98,7460.942999999999,716.804,1.0,7.5
2014-04-27,AS14.30,0.12608118646519645,-1.0,1.0,12210.01900005341,1340.846,1761.215,6761.1050000000005,298.483,1.0,7.8
2014-05-01,AS14.30,0.16309989065219965,-1.0,1.0,16552.01300096511,2410.5480000000002,6134.199,5185.09,1497.627,3.0,8.2
2014-05-03,AS14.30,0.1819733305036785,-1.2,1.0,5492.017999887466,403.891,1055.244,3938.299,94.795,3.0,7.8
2014-05-04,AS14.30,0.20972222222222214,-1.4,1.0,4694.928000450136,678.116,621.348,3063.8,331.376,3.0,7.8
2014-05-05,AS14.30,0.20972222222222214,-1.0,1.0,4694.928000450136,678.116,621.348,3063.8,331.376,3.0,8.0
2014-04-02,AS14.31,0.234817017504906,0.0,0.6666666666666666,13322.02599930763,1483.2839999999999,1084.376,513.392,229.53500000000003,1.0,6.666666666666667
2014-04-03,AS14.31,0.19950165661345784,0.6,1.0,13373.792999744413,504.73,886.3,221.894,222.03,3.0,6.6
2014-04-04,AS14.31,0.13380405046845267,0.4,0.4,2560.0580003261543,595.415,133.879,390.63300000000004,217.49999999999997,2.0,6.8
2014-04-08,AS14.31,0.14309655460155837,0.6,0.6,3232.706998825074,1419.4959999999999,936.97,684.8620000000001,371.431,1.0,7.0
2014-04-09,AS14.31,0.21966037814426126,0.2,0.6,3999.7529993057256,1222.321,2335.382,506.764,134.453,1.0,7.0
2014-04-10,AS14.31,0.20133600688258002,0.4,0.6,13377.150998592371,2224.876,4567.728,535.3610000000001,460.973,5.0,7.2
2014-04-12,AS14.31,0.22101963704498265,0.6,0.8,8203.07899999619,694.322,1512.601,75.421,9.031,5.0,7.0
2014-04-13,AS14.31,0.3745078870731221,-0.6,1.0,8277.773000240324,1577.087,384.146,511.50199999999995,268.13599999999997,6.0,6.8
2014-04-15,AS14.31,0.16270451908483252,0.0,0.75,2314.0849993228917,597.124,1143.354,79.277,173.334,1.0,7.0
2014-04-16,AS14.31,0.15689429525882798,0.0,0.5,4659.931999921799,1772.5919999999999,2176.3,382.854,351.83399999999995,3.0,6.75
2014-04-17,AS14.31,0.1757913122641471,0.6,1.0,3586.985999107361,917.611,2026.286,441.30699999999996,200.61700000000002,1.0,7.0
2014-04-24,AS14.31,0.14166666666666666,0.25,0.75,5700.513000249864,1442.645,3204.454,215.923,794.017,1.0,6.5
2014-04-29,AS14.31,0.11588613406795228,0.3333333333333333,1.0,4310.028000354766,1327.81,2115.026,694.801,443.47299999999996,6.0,7.0
2014-05-01,AS14.31,0.04472357377350195,0.8,1.0,4077.710999965668,1694.386,1682.547,265.769,338.45300000000003,3.0,7.0
2014-05-04,AS14.31,0.0061580925942242085,0.8,1.0,182.4570002555847,178.25,4.132,265.769,176.2435,3.0,7.2
2014-05-05,AS14.31,0.008328883576947317,0.75,1.0,321.99599981307983,69.075,7.5835,265.769,14.034,3.0,7.0
2014-05-07,AS14.31,0.25,0.5,1.0,109.07999992370584,218.654,11.035,265.769,25.778333333333336,3.0,6.75
2014-05-08,AS14.31,0.22209084084084085,1.0,1.0,116.15549996495234,192.10125,22.031750000000002,265.769,37.522666666666666,3.0,7.0
2014-05-09,AS14.31,0.19418168168168168,0.6666666666666666,1.0,123.23100000619883,165.5485,33.0285,265.769,49.267,3.0,7.0
2014-05-11,AS14.31,0.1662725225225225,0.4,1.0,130.30650004744533,138.99575,44.02525,265.769,61.01133333333333,3.0,7.0
2014-05-12,AS14.31,0.13836336336336336,1.0,1.0,137.38200008869183,112.443,55.022000000000006,265.769,72.75566666666667,3.0,7.0
2014-05-13,AS14.31,0.11045420420420421,1.0,1.0,144.4575001299383,85.89025000000001,66.01875,265.769,84.50000000000001,3.0,7.0
2014-05-14,AS14.31,0.08254504504504503,1.0,1.0,151.53300017118482,59.337500000000006,77.0155,265.769,96.24433333333334,3.0,7.0
2014-05-15,AS14.31,0.05463588588588586,0.5,1.0,158.6085002124313,32.78475,88.01225,265.769,107.98866666666667,3.0,7.0
2014-05-17,AS14.31,0.026726726726726716,0.5,1.0,165.6840002536778,6.232,99.009,265.769,119.733,3.0,7.0
2014-04-04,AS14.32,0.07394992125320084,-0.5,0.5,5236.956001520158,314.78,3309.647,602.848,62.933,5.0,8.0
2014-04-05,AS14.32,0.06235701481564245,1.4,1.4,3774.8659999370584,1081.431,1495.692,1058.854,131.054,5.0,8.4
2014-04-06,AS14.32,0.06470613484339814,-1.4,0.0,4897.057998180392,588.083,2678.576,1356.667,323.807,5.0,7.6
2014-04-08,AS14.32,0.07162504736842978,0.4,0.2,4178.6540014743805,667.61,2672.69,1389.0910000000001,65.568,1.0,7.8
2014-04-10,AS14.32,0.08538139252507375,0.25,0.75,4656.294999599456,168.361,3238.077,1182.409,84.356,2.0,8.25
2014-04-11,AS14.32,0.13364394484509495,0.3333333333333333,0.3333333333333333,4124.542999267577,1443.436,2012.92,532.3389999999999,225.624,7.0,7.666666666666667
2014-04-12,AS14.32,0.09256127414546696,0.2,0.8,2406.448000192642,380.201,1372.137,597.797,49.503,7.0,8.6
2014-04-13,AS14.32,0.11486812630776956,-1.8,0.6,3048.4899988174443,189.339,1520.744,1137.507,115.196,6.0,8.0
2014-04-14,AS14.32,0.09276472686682141,0.5,0.5,6525.473998785022,1518.633,3543.6259999999997,621.171,86.314,3.0,7.5
2014-04-15,AS14.32,0.12035484073371026,0.0,0.5,5020.396999835964,635.303,1951.846,1036.17,127.472,10.0,8.0
2014-04-17,AS14.32,0.06720556162513883,0.5,0.5,4340.205000877383,1464.969,1255.765,1050.276,166.541,4.0,8.5
2014-04-19,AS14.32,0.047567897669984816,-0.25,0.25,1276.6809999942773,600.774,374.339,295.145,86.3315,2.0,8.0
2014-04-20,AS14.32,0.05523183859008613,-1.0,0.0,2566.197000026703,146.47199999999998,1650.384,225.367,6.122,1.5,7.5
2014-04-21,AS14.32,0.029860055442116274,-1.75,-0.25,4231.040000200271,157.154,3546.58,313.471,45.141,1.0,7.0
2014-04-22,AS14.32,0.12540065280144733,-0.875,0.125,6734.573999881739,679.454,2606.399,1335.187,169.197,3.0,7.5
2014-04-24,AS14.32,0.06199745012223154,0.0,0.5,4941.214999198913,1261.81,2787.632,525.488,50.546,9.0,8.0
2014-04-26,AS14.32,0.18462745393003588,0.5,0.5833333333333333,2330.2239999771136,677.4845,1918.319,790.061,76.5635,7.0,8.0
2014-04-29,AS14.32,0.10983779706651794,1.0,0.6666666666666666,2564.8539996147165,93.159,2002.434,506.892,102.581,5.0,8.0
2014-04-30,AS14.32,0.08127054335939998,0.0,0.6666666666666666,7621.398999691012,482.125,1788.789,651.805,146.068,9.0,7.0
2014-05-01,AS14.32,0.1479701336183231,-1.0,0.0,3929.968999385835,544.381,2831.296,863.829,40.7,9.0,7.0
2014-05-02,AS14.32,0.09364718407023619,-0.25,0.0,3621.993000984192,585.379,2228.205,759.534,130.215,10.0,7.25
2014-05-03,AS14.32,0.08217935897341168,-1.0,0.5,2209.7899997234335,272.89,1717.799,199.436,16.111,2.0,7.5
2014-05-04,AS14.32,0.11628094765606735,0.3333333333333333,1.0,4015.8839995861053,390.16499999999996,2605.712,666.833,166.292,2.0,8.666666666666666
2014-05-06,AS14.32,0.13699520686156688,-0.3333333333333333,0.375,3953.401999711991,602.061,3399.973,1029.736,70.409,9.0,7.333333333333333
2014-05-07,AS14.32,0.06833858284161863,-1.0,-0.25,3372.4449989795685,725.719,2027.8310000000001,590.102,160.06,4.0,6.0
2014-05-08,AS14.32,0.11164228256716867,-1.0,-0.25,5126.648000478743,2509.937,3658.1549999999997,487.702,66.38,15.0,6.0
2014-05-12,AS14.32,0.11047802993722843,-0.6,0.2,825.763999700547,1372.9395,552.23,274.275,19.545,15.0,7.2
2014-05-13,AS14.32,0.09025387263339067,-0.6,0.2,473.70499992370594,235.94199999999998,382.468,52.797,19.545,15.0,7.2
2014-05-14,AS14.32,0.164353897343588,-0.6,0.2,703.3159997463223,215.723,375.60900000000004,111.207,19.545,15.0,7.2
2014-04-18,AS14.33,0.03685191214565248,-0.8,0.8,11030.036000251765,1555.364,1833.537,6957.205,172.97899999999998,4.0,7.4
2014-04-20,AS14.33,0.030758153108671048,0.0,1.2,10896.482999324797,669.192,1610.627,9016.666,63.858,5.0,7.4
2014-04-21,AS14.33,0.03946064627478817,0.0,0.6,10135.54299950599,621.054,1390.445,10105.601,70.502,6.0,7.2
2014-04-22,AS14.33,0.08549666518980883,-0.6,-0.2,20483.75799894334,3783.64,1313.6709999999998,8893.702000000001,221.139,7.0,6.2
2014-04-23,AS14.33,0.007715200197129401,-0.2,-0.6,6824.430000305175,865.25,276.217,5985.739,68.263,1.0,5.2
2014-04-24,AS14.33,0.13427262029035048,-0.25,1.0,8703.77899980545,3016.506,2518.994,4462.858,209.24900000000002,8.0,7.0
2014-04-27,AS14.33,0.05465430293341842,-1.2,0.4,19398.577001571655,2664.72,1552.459,9926.498,66.345,4.0,6.2
2014-04-30,AS14.33,0.013273720505151208,-1.0,0.25,8104.139999628069,1088.1299999999999,671.269,5821.6410000000005,273.727,1.0,6.4
2014-05-01,AS14.33,0.1777231902278521,-0.6,0.5,12834.03900003433,3494.608,1378.092,4976.76,393.48199999999997,9.0,7.0
2014-05-05,AS14.33,0.035409553561762126,-1.5,0.6666666666666666,12216.907999277122,3414.668,1233.936,6486.225,113.80499999999999,6.0,7.25
2014-05-07,AS14.33,0.0017596021459431205,-0.25,-0.5,3168.8159999847426,286.712,7.083,2827.476,46.842999999999996,2.0,5.0
2014-05-08,AS14.33,0.07781417175139171,-0.8,0.4,12633.159000158314,2349.879,1892.662,7397.181,577.204,7.0,6.6
2014-05-09,AS14.33,0.01545167623838937,0.2,-0.2,12136.33900046348,1252.469,682.069,8370.133,75.962,2.0,4.8
2014-05-10,AS14.33,0.09496808411522166,-0.4,1.0,17083.71900010109,2091.841,867.868,3200.205,283.51,5.0,7.6
2014-05-11,AS14.33,0.011163426997135429,0.0,0.4,5336.35400056839,259.893,504.549,4512.581,57.578,6.333333333333333,6.0
2014-05-14,AS14.33,0.003985507246376809,-0.3333333333333333,0.4,4149.1789996623975,268.98,160.882,4848.386,100.961,7.666666666666666,6.833333333333333
2014-05-15,AS14.33,0.12253135428946205,0.0,0.5,15883.185998201367,3280.553,3473.433,7841.478,343.73999999999995,9.0,6.0
2014-05-16,AS14.33,0.05178134704555442,0.4,1.0,5389.559000253676,2212.464,541.08,3414.7780000000002,106.019,11.0,7.0
2014-05-17,AS14.33,0.016673567202696287,0.25,0.3333333333333333,9750.849999666218,1018.1419999999999,428.547,4269.228999999999,39.427,3.0,6.0
2014-05-18,AS14.33,0.017732347673809202,-0.6,0.2,18269.712000370026,2752.733,2062.496,9417.753,73.75399999999999,3.6,6.0
2014-05-19,AS14.33,0.009146799328914145,-0.2,0.2,5052.91400027275,240.592,364.29,3571.643,90.207,4.2,6.2
2014-05-20,AS14.33,0.018382148211167647,-0.5,0.5,7906.6860008239655,487.319,867.4910000000001,6396.879000000001,47.452,4.8,6.25
2014-05-21,AS14.33,0.017180909720209924,-0.6666666666666666,-0.2,9770.72199988365,661.679,1814.9119999999998,7159.353,67.92099999999999,5.4,6.0
2014-05-22,AS14.33,0.011538005032521467,0.5,0.25,4429.147000789642,749.77,1272.216,2202.761,60.080999999999996,6.0,5.75
2014-05-23,AS14.33,0.02058661677305743,-0.8333333333333334,0.0,6839.818999528889,980.646,819.557,7471.485,105.913,2.0,5.833333333333333
2014-05-24,AS14.33,0.014286099512012292,-0.75,0.25,10875.10900020599,947.927,2263.912,6832.334000000001,78.431,2.5,6.4
2014-05-25,AS14.33,0.16147019196659632,-0.75,0.3333333333333333,7342.484999179842,2687.659,1567.344,3062.8869999999997,139.344,3.0,6.25
2014-05-29,AS14.33,0.16935445444293903,-1.3333333333333333,1.0,3569.3410003185268,400.034,435.10499999999996,1926.66,33.339999999999996,6.0,7.0
